id,year,month,day,replicate,species,estimate,avg_size,stage,notes
pba,2015,5,3,1,cash,2000,10,n/a,
pba,2015,5,3,1,ducr,3,n/a,n/a,
pba,2015,5,3,1,kecr,1,n/a,n/a,
pba,2015,5,3,1,opnu,3,n/a,n/a,
pba,2015,5,3,1,pcno,3,n/a,j,
pba,2015,5,3,2,cash,3000,10,n/a,
pba,2015,5,3,2,pcno,1,n/a,j,
pba,2015,5,3,2,opnu,2,n/a,n/a,
pba,2015,5,3,2,ducr,1,n/a,n/a,
pba,2015,5,3,2,hecr,3,n/a,n/a,
hdo,2015,5,3,1,waje,150,30,n/a,
hdo,2015,5,3,1,crje,150,30,n/a,
hdo,2015,5,3,1,opnu,3,n/a,n/a,
hdo,2015,5,3,1,lacr,200,7,n/a,
hdo,2015,5,3,1,kecr,10,n/a,n/a,
hdo,2015,5,3,2,opnu,3,n/a,n/a,
hdo,2015,5,3,2,waje,100,n/a,n/a,
hdo,2015,5,3,2,crje,100,n/a,n/a,
hdo,2015,5,3,2,lacr,100,n/a,n/a,
hdo,2015,5,3,2,kecr,5,n/a,n/a,
hdo,2015,5,3,2,coje,1,12,n/a,
chp,2015,5,4,1,pcno,1,n/a,j,
chp,2015,5,4,2,crje,2,n/a,n/a,
ppo,2015,5,20,1,honu,2,n/a,n/a,
ppo,2015,5,20,1,opnu,1,n/a,n/a,
ppo,2015,5,20,1,cash,200,n/a,n/a,
ppo,2015,5,20,1,uncr,2,n/a,n/a,
ppo,2015,5,20,1,pcno,1,n/a,j,
ppo,2015,5,20,2,pcno,2,n/a,j,
ppo,2015,5,20,2,cash,100,n/a,n/a,
ppo,2015,5,20,2,ducr,5,n/a,j,
pba,2015,5,20,1,honu,50,n/a,n/a,
pba,2015,5,20,1,cash,150,n/a,n/a,
pba,2015,5,20,2,anem,5,n/a,n/a,
pba,2015,5,20,2,ducr,2,165,n/a,
pba,2015,5,20,2,cash,700,17,n/a,
pba,2015,5,20,2,honu,7,n/a,n/a,
pba,2015,5,20,2,opnu,2,n/a,n/a,
pba,2015,5,20,2,pcno,1,n/a,j,
fei8,2015,5,21,1,moje,1,n/a,n/a,
fei8,2015,5,21,1,waje,50,n/a,n/a,
fei8,2015,5,21,1,honu,1,n/a,n/a,
fei8,2015,5,21,1,sego,100,n/a,n/a,
fei8,2015,5,21,2,waje,30,n/a,n/a,
fei8,2015,5,21,2,sego,175,n/a,n/a,
fei9,2015,5,21,1,secu,1,n/a,n/a,
fei9,2015,5,21,1,waje,3,n/a,n/a,
fei9,2015,5,21,1,sego,10,n/a,n/a,
fei9,2015,5,21,2,secu,1,n/a,n/a,
fei9,2015,5,21,2,ducr,3,n/a,n/a,
fei9,2015,5,21,2,waje,6,n/a,n/a,
sni5,2015,5,22,1,poly,30,n/a,n/a,
sni5,2015,5,22,1,reje,1,n/a,n/a,
sni5,2015,5,22,1,kecr,n/a,n/a,n/a,
sni5,2015,5,22,1,crsh,12,n/a,n/a,
sni5,2015,5,22,1,cash,50,n/a,n/a,
sni5,2015,5,22,1,uncr,1,n/a,n/a,
sni5,2015,5,22,2,crsh,12,n/a,n/a,
sni5,2015,5,22,2,kecr,3,n/a,n/a,
sni5,2015,5,22,2,cash,50,n/a,n/a,
sni5,2015,5,22,2,poly,10,n/a,n/a,
sni5,2015,5,22,2,reje,2,n/a,n/a,
sni5,2015,5,22,2,hecr,1,n/a,n/a,
sni6,2015,5,22,1,waje,1,50,n/a,
sni6,2015,5,22,1,cash,3,n/a,n/a,
sni6,2015,5,22,1,reje,1,n/a,n/a,
sni6,2015,5,22,1,pcno,1,n/a,j,
sni6,2015,5,22,1,tosn,1,n/a,n/a,no est. for rep 2 because of herring in the net
kis7,2015,5,23,1,reje,5,n/a,n/a,
kis7,2015,5,23,1,kecr,1,n/a,n/a,
kis7,2015,5,23,1,coon,1000,n/a,n/a,
kis7,2015,5,23,1,honu,10,n/a,n/a,
kis7,2015,5,23,1,opnu,10,n/a,n/a,
kis7,2015,5,23,1,hecr,20,n/a,n/a,
kis7,2015,5,23,1,hlcr,1,n/a,n/a,
kis7,2015,5,23,1,grcr,1,n/a,n/a,
kis7,2015,5,23,2,honu,20,n/a,n/a,
kis7,2015,5,23,2,coon,500,n/a,n/a,
kis7,2015,5,23,2,opnu,5,n/a,n/a,
kis7,2015,5,23,2,crsh,5,n/a,n/a,
kis7,2015,5,23,2,poly,50,n/a,n/a,
kis7,2015,5,23,2,reje,5,n/a,n/a,
kis7,2015,5,23,2,hecr,20,n/a,n/a,
kis7,2015,5,23,2,kecr,1,n/a,n/a,
kis7,2015,5,23,2,grcr,1,n/a,n/a,
kis7,2015,5,23,2,idio,10,n/a,n/a,
kis7,2015,5,23,2,grsa,1,n/a,n/a,
kis7,2015,5,23,2,grsa,1,n/a,n/a,
kis8,2015,5,23,1,n/a,n/a,n/a,n/a,net too full of fish
kis8,2015,5,23,1,n/a,n/a,n/a,n/a,net too full of fish
wfb,2015,5,31,1,crsh,10,n/a,n/a,
wfb,2015,5,31,1,uncr,3,n/a,n/a,
wfb,2015,5,31,1,waje,2,n/a,n/a,
wfb,2015,5,31,1,olsn,2,n/a,n/a,
wfb,2015,5,31,2,crsh,30,n/a,n/a,
wfb,2015,5,31,2,uncr,4,n/a,n/a,
wfb,2015,5,31,2,olsn,10,n/a,n/a,
wfb,2015,5,31,2,isop,10,n/a,n/a,
ssp,2015,5,31,1,olsn,10,n/a,n/a,
ssp,2015,5,31,1,waje,1,n/a,n/a,
ssp,2015,5,31,2,sego,10,n/a,n/a,
ssp,2015,5,31,2,waje,1,n/a,n/a,
koe3,2015,6,1,1,-,-,n/a,n/a,
koe3,2015,6,1,2,sego,100,15,n/a,
koe3,2015,6,1,2,ducr,1,50,n/a,
koe1,2015,6,1,1,-,-,n/a,n/a,
koe1,2015,6,1,2,crsh,5,n/a,n/a,
chp,2015,6,2,1,crsh,3,n/a,n/a,
chp,2015,6,2,1,uncr,2,n/a,n/a,
chp,2015,6,2,1,idio,1,n/a,n/a,
chp,2015,6,2,1,waje,1,40,n/a,
chp,2015,6,2,1,hecr,1,n/a,n/a,
chp,2015,6,2,2,uncr,1,n/a,n/a,
chp,2015,6,2,2,crsh,2,n/a,n/a,
hdo,2015,6,2,1,idio,5,n/a,n/a,
hdo,2015,6,2,1,pcno,2,n/a,j,
hdo,2015,6,2,1,recr,3,n/a,n/a,
hdo,2015,6,2,1,kecr,10,n/a,n/a,
hdo,2015,6,2,1,opnu,3,n/a,n/a,
hdo,2015,6,2,1,cash,50,n/a,n/a,
hdo,2015,6,2,1,mude,1,n/a,n/a,
hdo,2015,6,2,2,waje,6,7,n/a,
hdo,2015,6,2,2,mosn,1,9,n/a,
hdo,2015,6,2,2,uncr,30,n/a,n/a,
hdo,2015,6,2,2,pust,1,n/a,n/a,
hdo,2015,6,2,2,kecr,12,n/a,n/a,
hdo,2015,6,2,2,crsh,5,n/a,n/a,
hdo,2015,6,2,2,pcno,1,n/a,j,
sni7,2015,6,10,1,hecr,30,n/a,n/a,
sni7,2015,6,10,2,hecr,10,n/a,n/a,
sni7,2015,6,10,2,sego,10,n/a,n/a,
sni7,2015,6,10,2,kecr,1,n/a,n/a,
sni7,2015,6,10,2,opnu,1,n/a,n/a,
sni7,2015,6,10,2,uncr,30,n/a,n/a,
sni7,2015,6,10,2,cash,20,n/a,n/a,
sni8,2015,6,10,1,uncr,10,n/a,n/a,
sni8,2015,6,10,2,kecr,1,n/a,n/a,
sni8,2015,6,10,2,hecr,30,n/a,n/a,
sni8,2015,6,10,2,crsh,5,n/a,n/a,
hab4,2015,6,13,1,kecr,10,n/a,n/a,
hab4,2015,6,13,1,pcno,1,n/a,n/a,
hab4,2015,6,13,1,cash,50,n/a,n/a,
hab4,2015,6,13,1,crsh,2,n/a,n/a,
hab4,2015,6,13,2,ducr,30,n/a,n/a,
hab4,2015,6,13,2,opnu,4,n/a,n/a,
hab4,2015,6,13,2,kecr,1,n/a,n/a,
hab4,2015,6,13,2,recr,1,n/a,n/a,
hab4,2015,6,13,2,grcr,4,n/a,n/a,
hab4,2015,6,13,2,pcno,1,n/a,n/a,
hab4,2015,6,13,2,lest,1,n/a,n/a,
hab4,2015,6,13,2,cash,20,n/a,n/a,
hab4,2015,6,13,2,euph,5,n/a,n/a,
hab4,2015,6,13,2,myci,20,n/a,n/a,
hab5,2015,6,14,1,kecr,20,5,n/a,
hab5,2015,6,14,1,recr,2,8,n/a,
hab5,2015,6,14,1,pcno,1,n/a,n/a,
hab5,2015,6,14,1,crsh,10,n/a,n/a,
hab5,2015,6,14,1,cash,50,n/a,n/a,
hab5,2015,6,14,1,idio,10,n/a,n/a,
hab5,2015,6,14,2,kecr,20,n/a,n/a,
hab5,2015,6,14,2,hecr,20,n/a,n/a,
hab5,2015,6,14,2,ducr,12,n/a,n/a,
hab5,2015,6,14,2,crsh,10,n/a,n/a,
hab5,2015,6,14,2,cash,20,n/a,n/a,
hab5,2015,6,14,2,idio,10,n/a,n/a,
hab7,2015,6,14,1,cash,20,n/a,n/a,
hab7,2015,6,14,1,kecr,2,n/a,n/a,
hab7,2015,6,14,1,hecr,12,n/a,n/a,
hab7,2015,6,14,1,stsh,1,n/a,n/a,see sample
hab7,2015,6,14,1,idio,5,n/a,n/a,
hab7,2015,6,14,2,hecr,25,n/a,n/a,
hab7,2015,6,14,2,idio,3,n/a,n/a,
hab7,2015,6,14,2,kecr,1,n/a,n/a,
hab7,2015,6,14,2,unsh,1,n/a,n/a,see sample
cas1,2015,6,15,1,crsh,50,n/a,n/a,
cas1,2015,6,15,1,sego,20,n/a,n/a,
cas1,2015,6,15,1,ducr,30,n/a,j,
cas1,2015,6,15,1,ducr,5,n/a,n/a,
cas1,2015,6,15,2,ducr,20,n/a,j,
cas1,2015,6,15,2,crsh,20,n/a,n/a,
cas2,2015,6,15,1,hecr,20,n/a,n/a,
cas2,2015,6,15,1,kecr,1,n/a,n/a,
cas2,2015,6,15,1,ckcr,2,n/a,n/a,
cas2,2015,6,15,1,idio,150,n/a,n/a,
cas2,2015,6,15,1,stsh,100,n/a,n/a,
cas2,2015,6,15,1,sego,10,n/a,n/a,
cas2,2015,6,15,1,pcno,1,n/a,n/a,
cas2,2015,6,15,1,cash,10,n/a,n/a,
cas2,2015,6,15,2,hecr,30,n/a,n/a,
cas2,2015,6,15,2,kecr,5,n/a,n/a,
cas2,2015,6,15,2,ckcr,8,n/a,n/a,
cas2,2015,6,15,2,idio,150,n/a,n/a,
cas2,2015,6,15,2,stsh,100,n/a,n/a,
cas2,2015,6,15,2,sego,15,n/a,n/a,
cas2,2015,6,15,2,cash,15,n/a,n/a,
cas2,2015,6,15,2,grcr,2,n/a,n/a,
nam1,2015,6,16,1,ducr,100,n/a,n/a,
nam1,2015,6,16,1,kecr,3,n/a,n/a,
nam1,2015,6,16,1,pcno,1,n/a,n/a,
nam1,2015,6,16,1,idio,40,n/a,n/a,
nam1,2015,6,16,1,hecr,5,n/a,n/a,
nam1,2015,6,16,1,opnu,1,n/a,n/a,
nam1,2015,6,16,1,fucr,1,n/a,n/a,
nam1,2015,6,16,1,stsh,50,n/a,n/a,
nam1,2015,6,16,1,sego,1,n/a,n/a,
nam1,2015,6,16,1,ckcr,1,n/a,n/a,
nam1,2015,6,16,2,kecr,5,n/a,n/a,
nam1,2015,6,16,2,ckcr,1,n/a,n/a,
nam1,2015,6,16,2,ducr,10,n/a,n/a,
nam1,2015,6,16,2,idio,50,n/a,n/a,
nam1,2015,6,16,2,stsh,100,n/a,n/a,
kis1,2015,6,17,1,ducr,1,n/a,j,
kis1,2015,6,17,1,crje,30,120,n/a,
kis1,2015,6,17,1,sego,10,10,n/a,
kis1,2015,6,17,1,coje,1,n/a,n/a,
kis1,2015,6,17,1,ckcr,2,n/a,n/a,
kis1,2015,6,17,1,recr,1,n/a,j,sample taken
kis1,2015,6,17,2,ckcr,20,n/a,n/a,
kis1,2015,6,17,2,sego,30,n/a,n/a,
kis1,2015,6,17,2,waje,5,80,n/a,
kis1,2015,6,17,2,crje,10,4,n/a,
kis1,2015,6,17,2,coje,10,3,n/a,
kis1,2015,6,17,2,ducr,1,n/a,j,
kis1,2015,6,17,2,stsh,20,n/a,n/a,
kis1,2015,6,17,2,crsh,5,n/a,n/a,
kis10,2015,6,17,1,kecr,20,n/a,n/a,
kis10,2015,6,17,1,ckcr,20,n/a,n/a,
kis10,2015,6,17,1,ducr,2,n/a,j,
kis10,2015,6,17,1,coon,30,n/a,n/a,
kis10,2015,6,17,1,stsh,50,n/a,n/a,
kis10,2015,6,17,1,tosn,5,n/a,n/a,
kis10,2015,6,17,1,idio,20,n/a,n/a,
kis10,2015,6,17,1,fucr,1,n/a,n/a,
kis10,2015,6,17,1,pcno,1,n/a,n/a,
kis10,2015,6,17,2,kecr,20,n/a,n/a,
kis10,2015,6,17,2,ckcr,20,n/a,n/a,
kis10,2015,6,17,2,fucr,1,n/a,n/a,
kis10,2015,6,17,2,stsh,5,n/a,n/a,
kis10,2015,6,17,2,tosn,50,n/a,n/a,
kis10,2015,6,17,2,idio,5,n/a,n/a,
kis10,2015,6,17,2,hecr,2,n/a,n/a,
kis10,2015,6,17,2,pcno,2,n/a,n/a,
fei10,2015,6,18,1,sego,20,8,n/a,
fei10,2015,6,18,1,ducr,1,n/a,n/a,
fei10,2015,6,18,2,ducr,40,n/a,j,
fei10,2015,6,18,2,kecr,1,n/a,n/a,
fei10,2015,6,18,2,sego,30,8,n/a,
fei10,2015,6,18,2,hecr,5,n/a,n/a,
fei11,2015,6,18,1,hecr,10,n/a,n/a,
fei11,2015,6,18,1,sego,10,8,n/a,
fei11,2015,6,18,2,ducr,20,n/a,j,
fei11,2015,6,18,2,sego,20,8,n/a,
fei11,2015,6,18,2,hecr,10,n/a,n/a,
hab6,2015,6,19,1,busn,400,n/a,n/a,
hab6,2015,6,19,1,pcno,1,n/a,n/a,
hab6,2015,6,19,1,ducr,10,n/a,j,
hab6,2015,6,19,1,ducr,1,n/a,n/a,
hab6,2015,6,19,1,recr,1,n/a,n/a,
hab6,2015,6,19,1,stsh,10,n/a,n/a,
hab6,2015,6,19,1,idio,20,n/a,n/a,
hab6,2015,6,19,1,coon,10,n/a,n/a,
hab6,2015,6,19,1,kecr,5,n/a,n/a,
hab6,2015,6,19,1,ckcr,2,n/a,n/a,
hab6,2015,6,19,2,recr,2,n/a,n/a,
hab6,2015,6,19,2,ducr,10,n/a,j,
hab6,2015,6,19,2,idio,10,n/a,n/a,
hab6,2015,6,19,2,coon,10,n/a,n/a,
hab6,2015,6,19,2,busn,200,n/a,n/a,
hab6,2015,6,19,2,stsh,10,n/a,n/a,
wfb,2015,7,1,1,crsh,5,n/a,n/a,
wfb,2015,7,1,1,olsn,5,n/a,n/a,
wfb,2015,7,1,1,ducr,3,n/a,n/a,
wfb,2015,7,1,1,hecr,1,n/a,n/a,
wfb,2015,7,1,2,crsh,100,n/a,n/a,
wfb,2015,7,1,2,ducr,5,n/a,n/a,
wfb,2015,7,1,2,waje,1,n/a,n/a,
ssp,2015,7,1,1,moje,2,n/a,n/a,
ssp,2015,7,1,1,sego,10,n/a,n/a,
ssp,2015,7,1,1,ducr,1,20,n/a,
ssp,2015,7,1,1,waje,5,n/a,n/a,
ssp,2015,7,1,2,sego,200,n/a,n/a,
ssp,2015,7,1,2,waje,50,n/a,n/a,
ssp,2015,7,1,2,crje,50,n/a,n/a,
ssp,2015,7,1,2,ducr,32,n/a,j,
pba,2015,7,2,1,ckcr,1,n/a,n/a,
pba,2015,7,2,1,clje,15,n/a,n/a,
pba,2015,7,2,1,pcno,1,n/a,j,
pba,2015,7,2,1,cash,100,n/a,n/a,
pba,2015,7,2,1,idio,10,n/a,n/a,
pba,2015,7,2,1,stsh,10,n/a,n/a,
pba,2015,7,2,1,crsh,3,n/a,n/a,
pba,2015,7,2,2,cash,50,n/a,n/a,
pba,2015,7,2,2,clje,10,n/a,n/a,
pba,2015,7,2,2,honu,3,n/a,n/a,
pba,2015,7,2,2,crsh,2,n/a,n/a,
pba,2015,7,2,2,idio,20,n/a,n/a,
pba,2015,7,2,2,ducr,2,n/a,j,
pba,2015,7,2,2,grcr,1,n/a,n/a,
chp,2015,7,3,1,idio,50,n/a,n/a,
chp,2015,7,3,1,cash,10,n/a,n/a,
chp,2015,7,3,1,crje,1,n/a,n/a,
chp,2015,7,3,1,sego,50,n/a,n/a,
chp,2015,7,3,1,capr,2,n/a,n/a,
chp,2015,7,3,1,ckcr,1,n/a,n/a,
chp,2015,7,3,2,idio,50,n/a,n/a,
chp,2015,7,3,2,cash,50,n/a,n/a,
chp,2015,7,3,2,crje,2,n/a,n/a,
chp,2015,7,3,2,sego,30,n/a,n/a,
chp,2015,7,3,2,capr,5,n/a,n/a,
chp,2015,7,3,2,ckcr,2,n/a,n/a,
ppo,2015,7,3,1,moje,1,19,n/a,
ppo,2015,7,3,1,grcr,10,n/a,n/a,
ppo,2015,7,3,1,ducr,3,n/a,j,
ppo,2015,7,3,1,idio,10,n/a,n/a,
ppo,2015,7,3,1,sego,300,n/a,n/a,
ppo,2015,7,3,1,waje,1,n/a,n/a,
ppo,2015,7,3,1,hecr,10,n/a,n/a,
ppo,2015,7,3,1,cash,50,n/a,n/a,
ppo,2015,7,3,1,crsh,3,n/a,n/a,
ppo,2015,7,3,2,crje,1,50,n/a,
ppo,2015,7,3,2,moje,2,250,n/a,
ppo,2015,7,3,2,grcr,12,n/a,n/a,
ppo,2015,7,3,2,crsh,4,n/a,n/a,
ppo,2015,7,3,2,sego,700,n/a,n/a,
sni1,2015,7,4,1,cash,200,n/a,n/a,
sni1,2015,7,4,1,opnu,10,n/a,n/a,
sni1,2015,7,4,1,hecr,30,n/a,n/a,
sni1,2015,7,4,1,waje,1,n/a,n/a,
sni1,2015,7,4,2,ducr,4,n/a,j,
sni1,2015,7,4,2,hecr,10,n/a,n/a,
sni1,2015,7,4,2,cash,100,n/a,n/a,
sni2,2015,7,4,1,cash,20,n/a,n/a,
sni2,2015,7,4,1,sego,50,n/a,n/a,
sni2,2015,7,4,1,hecr,5,n/a,n/a,
sni2,2015,7,4,2,sego,50,n/a,n/a,
sni2,2015,7,4,2,cash,10,n/a,n/a,
sni2,2015,7,4,2,hecr,25,n/a,n/a,
fan1,2015,7,5,1,ducr,5,n/a,j,
fan1,2015,7,5,2,lije,1,50,n/a,
fan1,2015,7,5,2,cash,20,n/a,n/a,
fan1,2015,7,5,2,kecr,2,n/a,n/a,
fan1,2015,7,5,2,ckcr,20,n/a,n/a,
fan1,2015,7,5,2,ducr,10,n/a,j,
fan1,2015,7,5,2,hecr,20,n/a,n/a,
fan3,2015,7,5,1,ckcr,20,n/a,n/a,
fan3,2015,7,5,1,kecr,1,n/a,n/a,
fan3,2015,7,5,1,hecr,50,n/a,n/a,
fan3,2015,7,5,1,cash,100,n/a,n/a,
fan3,2015,7,5,1,sego,10,n/a,n/a,
fan3,2015,7,5,2,ckcr,n/a,n/a,n/a,
fan3,2015,7,5,2,hecr,n/a,n/a,n/a,
fan3,2015,7,5,2,grcr,n/a,n/a,n/a,
fan3,2015,7,5,2,cash,n/a,n/a,n/a,
fan3,2015,7,5,2,recr,n/a,n/a,j,
fan3,2015,7,5,2,ducr,n/a,n/a,j,
gog2,2015,7,6,1,ducr,10,n/a,n/a,
gog2,2015,7,6,1,crsh,15,n/a,n/a,
gog2,2015,7,6,2,ducr,30,n/a,n/a,
gog2,2015,7,6,2,crsh,30,n/a,n/a,
gog2,2015,7,6,2,clje,15,n/a,n/a,
gog2,2015,7,6,2,idio,5,n/a,n/a,
gog2,2015,7,6,2,kecr,2,n/a,n/a,
gog3,2015,7,6,1,crsh,40,n/a,n/a,
gog3,2015,7,6,1,sego,40,n/a,n/a,
gog3,2015,7,6,1,ducr,2,n/a,a,
gog3,2015,7,6,1,ducr,10,n/a,j,
gog3,2015,7,6,1,idio,20,n/a,n/a,
gog3,2015,7,6,1,isop,n/a,n/a,n/a,
gog3,2015,7,6,2,crsh,n/a,n/a,n/a,
gog3,2015,7,6,2,ducr,20,n/a,n/a,
gog3,2015,7,6,2,sego,30,n/a,n/a,
gog3,2015,7,6,2,clje,5,n/a,n/a,
gog3,2015,7,6,2,ckcr,1,n/a,n/a,
gog3,2015,7,6,2,idio,10,n/a,n/a,
kis2,2015,7,7,1,sego,20,n/a,n/a,
kis2,2015,7,7,1,ckcr,2,n/a,n/a,
kis2,2015,7,7,1,ducr,5,n/a,n/a,
kis2,2015,7,7,1,kecr,1,n/a,n/a,
kis2,2015,7,7,2,sego,40,n/a,n/a,
kis2,2015,7,7,2,ckcr,2,n/a,n/a,
kis2,2015,7,7,2,hecr,3,n/a,n/a,
kis2,2015,7,7,2,crje,5,n/a,n/a,
kis6,2015,7,7,1,ckcr,10,n/a,n/a,
kis6,2015,7,7,1,kecr,5,n/a,n/a,
kis6,2015,7,7,1,hecr,5,n/a,n/a,
kis6,2015,7,7,1,crsh,5,n/a,n/a,
kis6,2015,7,7,2,kecr,10,n/a,n/a,
kis6,2015,7,7,2,ckcr,25,n/a,n/a,
kis6,2015,7,7,2,hecr,20,n/a,n/a,
kis6,2015,7,7,2,sego,8,n/a,n/a,
kis6,2015,7,7,2,coon,15,n/a,n/a,
kis6,2015,7,7,2,crsh,10,n/a,n/a,
kis6,2015,7,7,2,cash,10,n/a,n/a,
koe3,2015,7,8,1,sego,200,n/a,n/a,
koe3,2015,7,8,1,ducr,1,n/a,j,
koe3,2015,7,8,2,sego,200,n/a,n/a,
koe3,2015,7,8,2,hecr,2,n/a,n/a,
koe3,2015,7,8,2,myci,100,n/a,n/a,
koe1,2015,7,8,1,sego,100,n/a,n/a,
koe1,2015,7,8,1,ducr,2,n/a,n/a,
koe1,2015,7,8,1,hecr,5,n/a,n/a,
koe1,2015,7,8,2,sego,100,n/a,n/a,
koe1,2015,7,8,2,hecr,1,n/a,n/a,
koe1,2015,7,8,2,ducr,3,n/a,j,
koe1,2015,7,8,2,isop,1,n/a,n/a,
hab2,2015,7,12,1,crsh,5,n/a,n/a,
hab2,2015,7,12,1,olsn,2,n/a,n/a,
hab2,2015,7,12,1,sego,40,n/a,n/a,
hab2,2015,7,12,2,ducr,3,n/a,a,
hab2,2015,7,12,2,recr,2,n/a,a,
hab2,2015,7,12,2,crsh,20,n/a,n/a,
hab2,2015,7,12,2,sego,1,n/a,n/a,
hab2,2015,7,12,2,kecr,1,n/a,n/a,
hab2,2015,7,12,2,prcr,2,n/a,n/a,
hab1,2015,7,13,1,busn,20,n/a,n/a,
hab1,2015,7,13,1,ducr,10,n/a,j,
hab1,2015,7,13,1,sego,500,n/a,n/a,
hab1,2015,7,13,1,recr,5,n/a,n/a,
hab1,2015,7,13,1,grcr,20,n/a,n/a,
hab1,2015,7,13,1,crsh,10,n/a,n/a,
hab1,2015,7,13,1,coon,5,n/a,n/a,
hab1,2015,7,13,1,amph,1,n/a,n/a,
hab1,2015,7,13,1,paoc,1,150,n/a,
hab1,2015,7,13,2,busn,400,n/a,n/a,
hab1,2015,7,13,2,coon,50,n/a,n/a,
hab1,2015,7,13,2,idio,1,n/a,n/a,
hab1,2015,7,13,2,ckcr,15,n/a,n/a,
hab1,2015,7,13,2,kecr,1,n/a,n/a,
hab1,2015,7,13,2,grcr,1,n/a,n/a,
hab1,2015,7,13,2,clje,1,n/a,n/a,
hab1,2015,7,13,2,sego,20,n/a,n/a,
hab4,2015,7,13,1,coon,25,n/a,n/a,
hab4,2015,7,13,1,kecr,5,n/a,n/a,
hab4,2015,7,13,1,ckcr,3,n/a,n/a,
hab4,2015,7,13,1,poly,2,n/a,n/a,
hab4,2015,7,13,2,sego,20,n/a,n/a,
hab4,2015,7,13,2,kecr,1,n/a,n/a,
hab4,2015,7,13,2,coon,1,n/a,n/a,
hab4,2015,7,13,2,ducr,8,n/a,j,
fei2,2015,7,14,1,sego,500,n/a,n/a,
fei2,2015,7,14,1,recr,1,n/a,a,
fei2,2015,7,14,1,pucr,3,n/a,n/a,
fei2,2015,7,14,2,ckcr,1,n/a,n/a,
fei2,2015,7,14,2,pucr,5,n/a,n/a,
fei12,2015,7,14,1,sego,75,n/a,n/a,
fei12,2015,7,14,1,pucr,5,n/a,n/a,
fei12,2015,7,14,1,kecr,1,n/a,a,
fei12,2015,7,14,1,ducr,1,n/a,a,
fei12,2015,7,14,2,sego,200,n/a,n/a,
fei12,2015,7,14,2,waje,1,n/a,n/a,
ssp,2015,7,28,1,waje,3,n/a,n/a,
ssp,2015,7,28,1,ducr,10,n/a,a,
ssp,2015,7,28,2,ducr,9,n/a,a,
ssp,2015,7,28,2,ducr,5,n/a,j,
ssp,2015,7,28,2,sego,40,n/a,n/a,
ssp,2015,7,28,2,crje,2,n/a,n/a,
wfb,2015,7,28,1,ducr,20,n/a,j,
wfb,2015,7,28,1,crsh,20,n/a,n/a,
wfb,2015,7,28,2,crsh,2,n/a,n/a,
wfb,2015,7,28,2,moje,1,190,n/a,
wfb,2015,7,28,2,crje,2,n/a,n/a,
wfb,2015,7,28,2,olsn,5,n/a,n/a,
ppo,2015,7,29,1,grcr,50,n/a,j,
ppo,2015,7,29,1,recr,1,n/a,a,
ppo,2015,7,29,1,grcr,1,n/a,a,
ppo,2015,7,29,1,coon,12,n/a,n/a,
ppo,2015,7,29,1,sego,100,n/a,n/a,
ppo,2015,7,29,1,waje,5,n/a,n/a,
ppo,2015,7,29,1,crje,2,n/a,n/a,
ppo,2015,7,29,1,hecr,10,n/a,n/a,
ppo,2015,7,29,1,crsh,10,n/a,n/a,
ppo,2015,7,29,1,ckcr,10,n/a,n/a,
ppo,2015,7,29,1,kecr,1,n/a,n/a,
ppo,2015,7,29,1,urch,1,n/a,n/a,
ppo,2015,7,29,1,idio,10,n/a,n/a,
ppo,2015,7,29,2,ckcr,1,n/a,a,
ppo,2015,7,29,2,grcr,20,n/a,j,
ppo,2015,7,29,2,sego,300,n/a,n/a,
ppo,2015,7,29,2,coon,10,n/a,n/a,
ppo,2015,7,29,2,idio,5,n/a,n/a,
ppo,2015,7,29,2,cash,10,n/a,n/a,
ppo,2015,7,29,2,waje,10,75,n/a,min and max widths
hdo,2015,7,29,1,sego,15,n/a,n/a,
hdo,2015,7,29,1,waje,3,n/a,n/a,
hdo,2015,7,29,1,ckcr,10,n/a,n/a,
hdo,2015,7,29,1,hecr,10,n/a,n/a,
hdo,2015,7,29,1,idio,20,n/a,n/a,
hdo,2015,7,29,1,cash,50,n/a,n/a,
hdo,2015,7,29,2,sego,50,n/a,n/a,
hdo,2015,7,29,2,ducr,5,n/a,j,
hdo,2015,7,29,2,grcr,20,n/a,j,
hdo,2015,7,29,2,waje,5,n/a,n/a,
pba,2015,7,30,1,coon,50,n/a,n/a,
pba,2015,7,30,1,cash,200,n/a,n/a,
pba,2015,7,30,1,clje,10,n/a,n/a,
pba,2015,7,30,1,hlcr,1,n/a,n/a,
pba,2015,7,30,1,idio,10,n/a,n/a,
pba,2015,7,30,1,busn,5,n/a,n/a,
pba,2015,7,30,1,opnu,3,n/a,n/a,
pba,2015,7,30,2,recr,5,n/a,n/a,
pba,2015,7,30,2,kecr,1,n/a,n/a,
pba,2015,7,30,2,fucr,2,n/a,n/a,
pba,2015,7,30,2,idio,20,n/a,n/a,
pba,2015,7,30,2,crsh,5,n/a,n/a,
pba,2015,7,30,2,ducr,2,n/a,a,
pba,2015,7,30,2,cash,500,n/a,n/a,
pba,2015,7,30,2,coon,500,n/a,n/a,
chp,2015,7,30,1,waje,5,n/a,n/a,
chp,2015,7,30,1,ducr,1,n/a,j,
chp,2015,7,30,1,capr,700,n/a,n/a,
chp,2015,7,30,1,idio,75,n/a,n/a,
chp,2015,7,30,1,stsh,30,n/a,n/a,
chp,2015,7,30,2,waje,1,n/a,n/a,
chp,2015,7,30,2,crje,30,n/a,n/a,
chp,2015,7,30,2,sego,40,n/a,n/a,
chp,2015,7,30,2,fucr,1,n/a,n/a,
chp,2015,7,30,2,idio,5,n/a,n/a,
koe3,2015,7,31,1,ducr,3,n/a,j,
koe3,2015,7,31,1,hecr,1,n/a,n/a,
koe3,2015,7,31,1,idio,1,n/a,n/a,
koe1,2015,7,31,1,ducr,10,n/a,j,
koe1,2015,7,31,1,sego,10,n/a,n/a,
koe1,2015,7,31,2,ducr,10,n/a,a,
koe1,2015,7,31,2,ducr,1,n/a,j,
koe1,2015,7,31,2,idio,1,n/a,n/a,
koe1,2015,7,31,2,sego,5,n/a,n/a,
ris3,2015,8,1,1,cash,100,n/a,n/a,
ris3,2015,8,1,1,crsh,70,n/a,n/a,
ris3,2015,8,1,1,sego,100,n/a,n/a,
ris3,2015,8,1,2,cash,40,n/a,n/a,
ris3,2015,8,1,2,crsh,30,n/a,n/a,
ris3,2015,8,1,2,ducr,1,n/a,n/a,
ris3,2015,8,1,2,sego,20,n/a,n/a,
ris3,2015,8,1,2,amph,1,n/a,n/a,
ris1,2015,8,1,1,ducr,1,n/a,n/a,
ris1,2015,8,1,1,crsh,1,n/a,n/a,
ris1,2015,8,1,2,idio,1,n/a,n/a,
ris1,2015,8,1,2,ducr,3,n/a,j,
ris1,2015,8,1,2,crsh,4,n/a,n/a,
fei3,2015,8,2,1,ckcr,1,n/a,n/a,
fei3,2015,8,2,1,grcr,1,n/a,n/a,
fei3,2015,8,2,1,ducr,1,n/a,n/a,
fei3,2015,8,2,1,cash,500,n/a,n/a,
fei3,2015,8,2,1,idio,70,n/a,n/a,
fei3,2015,8,2,2,coon,400,n/a,n/a,
fei3,2015,8,2,2,cash,1000,n/a,n/a,
fei3,2015,8,2,2,idio,600,n/a,n/a,
fei3,2015,8,2,2,clje,5,n/a,n/a,
fei3,2015,8,2,2,fucr,1,n/a,n/a,
fei4,2015,8,2,1,coon,100,n/a,n/a,
fei4,2015,8,2,1,crsh,500,n/a,n/a,
fei4,2015,8,2,1,kecr,5,n/a,n/a,
fei4,2015,8,2,1,idio,60,n/a,n/a,
fei4,2015,8,2,2,coon,50,n/a,n/a,
fei4,2015,8,2,2,hecr,1,n/a,n/a,
fei4,2015,8,2,2,fucr,1,n/a,n/a,
fei4,2015,8,2,2,kecr,5,n/a,n/a,
fei4,2015,8,2,2,cash,200,n/a,n/a,
fei13,2015,8,12,1,crsh,20,n/a,n/a,
fei13,2015,8,12,1,kecr,5,n/a,n/a,
fei13,2015,8,12,1,ckcr,1,n/a,n/a,
fei13,2015,8,12,1,crje,3,n/a,n/a,
fei13,2015,8,12,2,honu,10,n/a,n/a,
fei13,2015,8,12,2,crsh,3,n/a,n/a,
fei13,2015,8,12,2,ckcr,1,n/a,n/a,
sni9,2015,8,13,1,ducr,2,n/a,n/a,
sni9,2015,8,13,1,grcr,1,n/a,n/a,
sni9,2015,8,13,1,hecr,10,n/a,n/a,
sni9,2015,8,13,1,urch,1,n/a,n/a,
sni9,2015,8,13,1,kecr,2,n/a,n/a,
sni9,2015,8,13,1,cash,10,n/a,n/a,
sni9,2015,8,13,1,ckcr,5,n/a,n/a,
sni9,2015,8,13,2,ducr,6,n/a,n/a,
sn10,2015,8,13,1,honu,2,n/a,n/a,
sn10,2015,8,13,1,crje,2,n/a,n/a,
sn10,2015,8,13,1,kecr,3,n/a,n/a,
sn10,2015,8,13,1,ckcr,5,n/a,n/a,
sn10,2015,8,13,1,cash,20,n/a,n/a,
sn10,2015,8,13,2,crje,1,n/a,n/a,
sn10,2015,8,13,2,cash,30,n/a,n/a,
sn10,2015,8,13,2,kecr,8,n/a,n/a,
sni11,2015,8,14,1,crsh,30,n/a,n/a,
sni11,2015,8,14,1,hecr,5,n/a,n/a,
sni11,2015,8,14,2,crsh,30,n/a,n/a,
sni12,2015,8,14,1,waje,3,n/a,n/a,
sni12,2015,8,14,1,busn,500,n/a,n/a,
sni12,2015,8,14,1,crsh,200,n/a,n/a,
sni12,2015,8,14,1,coon,50,n/a,n/a,
sni12,2015,8,14,1,idio,10,n/a,n/a,
gog4,2015,8,15,1,ducr,80,n/a,j,
gog4,2015,8,15,1,crsh,30,n/a,n/a,
gog4,2015,8,15,1,ducr,2,n/a,a,
gog4,2015,8,15,1,reje,1,n/a,n/a,
gog4,2015,8,15,2,crsh,15,n/a,n/a,
gog4,2015,8,15,2,stsh,5,n/a,n/a,
gog4,2015,8,15,2,reje,1,n/a,n/a,
gog4,2015,8,15,2,ducr,5,n/a,j,
gog4,2015,8,15,2,ckcr,3,n/a,n/a,
gog1,2015,8,15,1,coon,10,n/a,n/a,
gog1,2015,8,15,1,ckcr,20,n/a,n/a,
gog1,2015,8,15,1,opnu,10,n/a,n/a,
gog1,2015,8,15,1,zesl,10,n/a,n/a,
gog1,2015,8,15,1,cash,100,n/a,n/a,
gog1,2015,8,15,1,busn,30,n/a,n/a,
gog1,2015,8,15,2,ckcr,20,n/a,n/a,
gog1,2015,8,15,2,recr,1,n/a,n/a,
gog1,2015,8,15,2,cash,200,n/a,n/a,
gog1,2015,8,15,2,opnu,10,n/a,n/a,
gog1,2015,8,15,2,zesl,1,n/a,n/a,
gog1,2015,8,15,2,idio,50,n/a,n/a,
ris5,2015,8,16,1,idio,1,n/a,n/a,
ris2,2015,8,16,1,sego,20,n/a,n/a,
ris2,2015,8,16,1,waje,1,n/a,n/a,
ris2,2015,8,16,1,idio,1,n/a,n/a,
ris2,2015,8,16,1,hecr,2,n/a,n/a,
ris2,2015,8,16,2,sego,10,n/a,n/a,
ris6,2015,8,17,1,recr,2,n/a,n/a,
ris6,2015,8,17,1,ducr,22,n/a,n/a,
ris6,2015,8,17,1,sego,20,n/a,n/a,
ris6,2015,8,17,1,capr,1,n/a,n/a,
ris6,2015,8,17,1,waje,1,n/a,n/a,
ris6,2015,8,17,1,crje,5,n/a,n/a,
ris6,2015,8,17,1,hecr,1,n/a,n/a,
ris6,2015,8,17,2,ducr,2,n/a,n/a,
ris6,2015,8,17,2,recr,1,n/a,n/a,
ris6,2015,8,17,2,sego,40,n/a,n/a,
ris6,2015,8,17,2,crsh,5,n/a,n/a,
ris6,2015,8,17,2,crje,1,n/a,n/a,
ris7,2015,8,17,1,kecr,20,n/a,n/a,
ris7,2015,8,17,1,ckcr,20,n/a,n/a,
ris7,2015,8,17,1,fucr,1,n/a,n/a,
ris7,2015,8,17,1,crsh,30,n/a,n/a,
ris7,2015,8,17,1,pcno,1,n/a,n/a,
ris7,2015,8,17,1,sego,10,n/a,n/a,
ris7,2015,8,17,1,recr,2,n/a,n/a,
ris7,2015,8,17,2,crsh,20,n/a,n/a,
ris7,2015,8,17,2,ckcr,5,n/a,n/a,
ris7,2015,8,17,2,recr,2,n/a,n/a,
ris7,2015,8,17,2,cash,20,n/a,n/a,
ris7,2015,8,17,2,sego,10,n/a,n/a,
ppo,2015,9,2,1,grcr,9,n/a,n/a,
ppo,2015,9,2,1,ducr,6,n/a,n/a,
ppo,2015,9,2,1,recr,2,n/a,n/a,
ppo,2015,9,2,1,crsh,10,n/a,n/a,
ppo,2015,9,2,1,hecr,2,n/a,n/a,
ppo,2015,9,2,1,cash,30,n/a,n/a,
ppo,2015,9,2,2,coon,100,n/a,n/a,
ppo,2015,9,2,2,grcr,9,n/a,n/a,
ppo,2015,9,2,2,crje,1,n/a,n/a,
ppo,2015,9,2,2,busn,1,n/a,n/a,
ppo,2015,9,2,2,kecr,2,n/a,n/a,
ppo,2015,9,2,2,idio,5,n/a,n/a,
ppo,2015,9,2,2,cash,50,n/a,n/a,
ppo,2015,9,2,2,hecr,1,n/a,n/a,
hdo,2015,9,2,1,grcr,1,n/a,n/a,
hdo,2015,9,2,1,idio,5,n/a,n/a,
hdo,2015,9,2,1,ckcr,5,n/a,n/a,
hdo,2015,9,2,1,cash,20,n/a,n/a,
hdo,2015,9,2,1,honu,1,n/a,n/a,
hdo,2015,9,2,1,coon,1,n/a,n/a,
hdo,2015,9,2,2,cash,100,n/a,n/a,
hdo,2015,9,2,2,anem,1,n/a,n/a,
hdo,2015,9,2,2,pust,1,n/a,n/a,
wfb,2015,9,3,1,crsh,20,n/a,n/a,
wfb,2015,9,3,1,ducr,5,n/a,j,
wfb,2015,9,3,2,olsn,1,n/a,n/a,
wfb,2015,9,3,2,ducr,1,n/a,a,
wfb,2015,9,3,2,busn,2,n/a,n/a,
ssp,2015,9,3,1,recr,1,n/a,a,
ssp,2015,9,3,1,crje,30,n/a,n/a,
ssp,2015,9,3,1,amph,1,n/a,n/a,
ssp,2015,9,3,1,waje,5,n/a,n/a,
ssp,2015,9,3,2,waje,2,n/a,n/a,
ssp,2015,9,3,2,crje,5,n/a,n/a,
ssp,2015,9,3,2,crsh,1,n/a,n/a,
chp,2015,9,11,1,ckcr,15,n/a,n/a,
chp,2015,9,11,1,crsh,15,n/a,n/a,
chp,2015,9,11,1,waje,1,n/a,n/a,
chp,2015,9,11,1,honu,1,n/a,n/a,
chp,2015,9,11,1,crje,5,n/a,n/a,
chp,2015,9,11,2,crsh,5,n/a,n/a,
chp,2015,9,11,2,crje,8,n/a,n/a,
chp,2015,9,11,2,waje,1,n/a,n/a,
chp,2015,9,11,2,ckcr,4,n/a,n/a,
pba,2015,9,12,1,anem,1,n/a,n/a,
pba,2015,9,12,1,ckcr,1,n/a,n/a,
pba,2015,9,12,1,cash,2000,n/a,n/a,
pba,2015,9,12,1,grcr,1,n/a,n/a,
pba,2015,9,12,2,cash,200,n/a,n/a,
pba,2015,9,12,2,coon,10,n/a,n/a,
pba,2015,9,12,2,honu,1,n/a,n/a,
pba,2015,9,12,2,crje,1,n/a,n/a,
koe3,2015,9,13,1,crsh,1,n/a,n/a,
koe3,2015,9,13,2,-,-,n/a,n/a,no bycatch
koe1,2015,9,13,1,ducr,6,n/a,a,
koe1,2015,9,13,1,idio,10,n/a,n/a,
koe1,2015,9,13,1,crsh,1,n/a,n/a,
koe1,2015,9,13,2,ducr,3,n/a,a,
ssp,2016,4,7,1,sego,50,n/a,n/a,
ssp,2016,4,7,1,cash,10,n/a,n/a,
ssp,2016,4,7,1,crsh,6,n/a,n/a,
ssp,2016,4,7,1,stis,1,n/a,n/a,
ssp,2016,4,7,1,gama,1,n/a,n/a,
ssp,2016,4,7,1,euph,2,n/a,n/a,
ssp,2016,4,7,2,olsn,50,n/a,n/a,
ssp,2016,4,7,2,cash,10,n/a,n/a,
ssp,2016,4,7,2,crsh,1,n/a,n/a,
ssp,2016,4,7,2,sego,10,n/a,n/a,
ssp,2016,4,7,2,nesp,10,n/a,n/a,
ssp,2016,4,7,2,stis,1,n/a,n/a,
ssp,2016,4,7,2,gama,12,n/a,n/a,
ssp,2016,4,7,2,ckcr,1,n/a,n/a,
wfb,2016,4,8,1,crsh,15,n/a,n/a,
wfb,2016,4,8,1,waje,1,n/a,n/a,
wfb,2016,4,8,2,ducr,2,n/a,n/a,j
wfb,2016,4,8,2,olsn,1,n/a,n/a,
chp,2016,4,8,1,sego,2,n/a,n/a,
chp,2016,4,8,1,crsh,5,n/a,n/a,
chp,2016,4,8,1,ckcr,1,n/a,n/a,
chp,2016,4,8,2,sego,10,n/a,n/a,
chp,2016,4,8,2,crsh,20,n/a,n/a,
chp,2016,4,8,2,ckcr,1,n/a,n/a,
chp,2016,4,8,2,cash,20,n/a,n/a,
ppo,2016,4,9,1,cash,500,n/a,n/a,
ppo,2016,4,9,1,crsh,20,n/a,n/a,
ppo,2016,4,9,1,pcno,2,n/a,n/a,
ppo,2016,4,9,1,hecr,10,n/a,n/a,
ppo,2016,4,9,1,tosn,1,n/a,n/a,
ppo,2016,4,9,2,crsh,30,n/a,n/a,
ppo,2016,4,9,2,kecr,5,n/a,n/a,
ppo,2016,4,9,2,pcno,1,n/a,n/a,
ppo,2016,4,9,2,busn,10,n/a,n/a,
ppo,2016,4,9,2,cash,30,n/a,n/a,
pba,2016,4,9,1,recr,1,13,n/a,
pba,2016,4,9,1,cash,2000,n/a,n/a,
pba,2016,4,9,1,idio,50,n/a,n/a,
pba,2016,4,9,1,crsh,10,n/a,n/a,
pba,2016,4,9,1,frnu,1,n/a,n/a,
pba,2016,4,9,2,opnu,10,n/a,n/a,
pba,2016,4,9,2,cash,10000,n/a,n/a,
pba,2016,4,9,2,busn,500,n/a,n/a,
pba,2016,4,9,2,ducr,1,n/a,n/a,
pba,2016,4,9,2,kecr,5,n/a,n/a,
pba,2016,4,9,2,crsh,30,n/a,n/a,
pba,2016,4,9,2,anem,3,n/a,n/a,
hdo,2016,4,12,1,reje,2,20,n/a,
hdo,2016,4,12,1,waje,5,30,n/a,
hdo,2016,4,12,1,crsh,10,n/a,n/a,
hdo,2016,4,12,1,cash,5,n/a,n/a,
hdo,2016,4,12,1,busn,10,20,n/a,
hdo,2016,4,12,1,idio,1,n/a,n/a,
hdo,2016,4,12,2,kecr,1,n/a,n/a,
hdo,2016,4,12,2,ducr,10,n/a,n/a,
hdo,2016,4,12,2,reje,2,10,n/a,
hdo,2016,4,12,2,crsh,4,n/a,n/a,
hdo,2016,4,12,2,crje,1,20,n/a,
hdo,2016,4,12,2,sego,1,n/a,n/a,
hdo,2016,4,12,2,hecr,1,n/a,n/a,
hdo,2016,4,12,2,ckcr,2,n/a,n/a,
chp,2016,5,7,1,amph,20,2,n/a,
chp,2016,5,7,1,crje,5,5,n/a,
chp,2016,5,7,2,crsh,6,n/a,n/a,
chp,2016,5,7,2,stsh,1,n/a,n/a,
chp,2016,5,7,2,idio,1,n/a,n/a,
chp,2016,5,7,2,kecr,1,n/a,n/a,
hdo,2016,5,7,1,ducr,3,n/a,n/a,
hdo,2016,5,7,1,kecr,3,n/a,n/a,
hdo,2016,5,7,1,busn,100,n/a,n/a,
hdo,2016,5,7,1,idio,2,n/a,n/a,
hdo,2016,5,7,1,recr,5,n/a,n/a,
hdo,2016,5,7,2,ducr,20,n/a,n/a,
hdo,2016,5,7,2,kecr,5,n/a,n/a,
hdo,2016,5,7,2,cash,10,n/a,n/a,
hdo,2016,5,7,2,crsh,5,n/a,n/a,
hdo,2016,5,7,2,pist,1,n/a,n/a,
wfb,2016,5,8,1,coje,50,n/a,n/a,
wfb,2016,5,8,1,crsh,10,n/a,n/a,
wfb,2016,5,8,1,cash,45,n/a,n/a,
ssp,2016,5,8,1,cash,20,n/a,n/a,
ssp,2016,5,8,1,sego,20,n/a,n/a,
ssp,2016,5,8,1,ducr,2,n/a,n/a,
ssp,2016,5,8,1,crsh,10,n/a,n/a,
ssp,2016,5,8,1,kecr,1,n/a,n/a,
ssp,2016,5,8,1,idio,1,n/a,n/a,
ssp,2016,5,8,1,olsn,6,n/a,n/a,
pba,2016,5,9,1,busn,1000,n/a,n/a,
pba,2016,5,9,1,cash,500,n/a,n/a,
pba,2016,5,9,1,opnu,1,n/a,n/a,
pba,2016,5,9,1,idio,10,n/a,n/a,
pba,2016,5,9,1,crsh,50,n/a,n/a,
pba,2016,5,9,1,ducr,1,n/a,n/a,
pba,2016,5,9,1,kecr,1,n/a,n/a,
pba,2016,5,9,1,hecr,1,n/a,n/a,
pba,2016,5,9,1,waje,1,n/a,n/a,
pba,2016,5,9,2,hlcr,3,n/a,n/a,
pba,2016,5,9,2,ducr,4,n/a,n/a,
pba,2016,5,9,2,kecr,5,n/a,n/a,
pba,2016,5,9,2,idio,50,n/a,n/a,
pba,2016,5,9,2,busn,1000,n/a,n/a,
pba,2016,5,9,2,cash,500,n/a,n/a,
pba,2016,5,9,2,crsh,30,n/a,n/a,
ppo,2016,5,9,1,ducr,3,n/a,n/a,
ppo,2016,5,9,1,cash,400,n/a,n/a,
ppo,2016,5,9,1,crsh,30,n/a,n/a,
ppo,2016,5,9,1,crje,5,n/a,n/a,
ppo,2016,5,9,1,idio,10,n/a,n/a,
ppo,2016,5,9,2,ckcr,1,n/a,n/a,
ppo,2016,5,9,2,waje,50,n/a,n/a,
ppo,2016,5,9,2,opnu,3,n/a,n/a,
ppo,2016,5,9,2,ducr,1,n/a,n/a,
ppo,2016,6,3,1,grcr,15,n/a,n/a,
ppo,2016,6,3,1,crsh,20,n/a,n/a,
ppo,2016,6,3,1,ckcr,3,n/a,n/a,
ppo,2016,6,3,1,cash,20,n/a,n/a,
ppo,2016,6,3,2,waje,1,n/a,n/a,
ppo,2016,6,3,2,moje,1,n/a,n/a,
ppo,2016,6,3,2,grcr,20,50,n/a,
ppo,2016,6,3,2,unst,2,n/a,n/a,
ppo,2016,6,3,2,crsh,10,n/a,n/a,
ppo,2016,6,3,2,cash,20,n/a,n/a,
hdo,2016,6,3,1,n/a,n/a,n/a,n/a,
hdo,2016,6,3,2,ducr,15,n/a,n/a,
hdo,2016,6,3,2,kecr,2,n/a,n/a,
hdo,2016,6,3,2,waje,20,n/a,n/a,
hdo,2016,6,3,2,idio,1,n/a,n/a,
chp,2016,6,5,1,ckcr,1,n/a,n/a,
chp,2016,6,5,2,crsh,1,n/a,n/a,
chp,2016,6,5,2,ducr,1,n/a,n/a,
chp,2016,6,5,2,ckcr,1,n/a,n/a,
chp,2016,6,5,2,waje,1,n/a,n/a,
chp,2016,6,5,2,sego,5,n/a,n/a,
pba,2016,6,5,1,busn,600,n/a,n/a,
pba,2016,6,5,1,waje,5,n/a,n/a,
pba,2016,6,5,1,kecr,1,n/a,n/a,
pba,2016,6,5,2,kecr,4,n/a,n/a,
pba,2016,6,5,2,ducr,3,n/a,n/a,
pba,2016,6,5,2,busn,400,n/a,n/a,
pba,2016,6,5,2,hlcr,1,n/a,n/a,
wfb,2016,6,6,1,olsn,5,n/a,n/a,
wfb,2016,6,6,1,crsh,10,n/a,n/a,
wfb,2016,6,6,2,olsn,10,n/a,n/a,
wfb,2016,6,6,2,ducr,50,n/a,n/a,
wfb,2016,6,6,2,crsh,20,n/a,n/a,
ssp,2016,6,6,1,sego,50,n/a,n/a,
ssp,2016,6,6,1,waje,10,50,n/a,
ssp,2016,6,6,1,crje,30,n/a,n/a,
ssp,2016,6,6,2,ckcr,2,n/a,n/a,
ssp,2016,6,6,2,hlcr,1,n/a,n/a,
ssp,2016,6,6,2,ducr,3,n/a,n/a,
ssp,2016,6,6,2,recr,1,n/a,n/a,
hdo,2016,7,2,1,ducr,7,15,n/a,
hdo,2016,7,2,1,recr,1,n/a,n/a,
hdo,2016,7,2,1,busn,200,n/a,n/a,
hdo,2016,7,2,1,ckcr,20,4,n/a,
hdo,2016,7,2,1,kecr,5,n/a,n/a,
hdo,2016,7,2,1,moje,5,15,n/a,
hdo,2016,7,2,1,waje,16,6,n/a,
hdo,2016,7,2,2,sego,30,n/a,n/a,
hdo,2016,7,2,2,waje,5,n/a,n/a,
hdo,2016,7,2,2,recr,1,n/a,n/a,
hdo,2016,7,2,2,moje,1,n/a,n/a,
hdo,2016,7,2,2,ckcr,10,n/a,n/a,
hdo,2016,7,2,2,ducr,14,n/a,n/a,
hdo,2016,7,2,2,kecr,5,n/a,n/a,
hdo,2016,7,2,2,hecr,5,n/a,n/a,
hdo,2016,7,2,2,idio,2,n/a,n/a,
chp,2016,7,2,1,idio,2,n/a,n/a,
chp,2016,7,2,2,crsh,10,n/a,n/a,
ppo,2016,7,3,1,grcr,27,n/a,n/a,
ppo,2016,7,3,1,sego,700,n/a,n/a,
ppo,2016,7,3,1,hecr,5,n/a,n/a,
ppo,2016,7,3,1,ckcr,5,n/a,n/a,
ppo,2016,7,3,1,pist,2,n/a,n/a,
ppo,2016,7,3,2,busn,300,n/a,n/a,
ppo,2016,7,3,2,sego,200,n/a,n/a,
ppo,2016,7,3,2,waje,3,n/a,n/a,
ppo,2016,7,3,2,lije,1,n/a,n/a,
ppo,2016,7,3,2,grcr,10,n/a,n/a,
pba,2016,7,3,1,uncr,1,n/a,n/a,
pba,2016,7,3,1,recr,1,n/a,n/a,
pba,2016,7,3,1,busn,500,n/a,n/a,
pba,2016,7,3,2,busn,200,n/a,n/a,
pba,2016,7,3,2,grcr,2,n/a,n/a,
pba,2016,7,3,2,crsh,5,n/a,n/a,
pba,2016,7,3,2,idio,5,n/a,n/a,
wfb,2016,7,4,1,crsh,10,n/a,n/a,
wfb,2016,7,4,2,ducr,7,n/a,n/a,
wfb,2016,7,4,2,olsn,2,n/a,n/a,
wfb,2016,7,4,2,idio,5,n/a,n/a,
wfb,2016,7,4,2,crsh,5,n/a,n/a,
ssp,2016,7,4,1,ducr,3,n/a,n/a,
ssp,2016,7,4,1,crsh,15,n/a,n/a,
ssp,2016,7,4,2,crsh,10,n/a,n/a,
ssp,2016,7,4,2,olsn,5,n/a,n/a,
ssp,2016,7,4,2,waje,5,n/a,n/a,
sni1,2016,7,20,1,coon,30,n/a,n/a,
sni1,2016,7,20,1,waje,10,n/a,n/a,
sni1,2016,7,20,1,sego,70,n/a,n/a,
sni1,2016,7,20,1,kecr,1,n/a,n/a,
sni1,2016,7,20,1,hecr,40,n/a,n/a,
sni1,2016,7,20,1,ckcr,1,n/a,n/a,
sni1,2016,7,20,1,ducr,1,n/a,n/a,
sni1,2016,7,20,2,kecr,1,n/a,n/a,
sni1,2016,7,20,2,coon,50,n/a,n/a,
sni1,2016,7,20,2,waje,50,n/a,n/a,
sni1,2016,7,20,2,sego,30,n/a,n/a,
sni1,2016,7,20,2,ckcr,1,n/a,n/a,
sni2,2016,7,20,1,coon,60,n/a,n/a,
sni2,2016,7,20,1,sppr,25,n/a,n/a,
sni2,2016,7,20,1,crsh,15,n/a,n/a,
sni2,2016,7,20,1,ducr,7,n/a,n/a,
sni2,2016,7,20,1,kecr,2,n/a,n/a,
sni2,2016,7,20,2,moje,1,n/a,n/a,
sni2,2016,7,20,2,ducr,20,n/a,n/a,
sni2,2016,7,20,2,cash,50,n/a,n/a,
sni2,2016,7,20,2,pucr,1,n/a,n/a,
sni2,2016,7,20,2,grcr,1,n/a,n/a,
sni2,2016,7,20,2,crsh,20,n/a,n/a,
kis1,2016,7,21,1,ckcr,9,n/a,n/a,
kis1,2016,7,21,1,waje,2,n/a,n/a,
kis1,2016,7,21,1,hecr,3,n/a,n/a,
kis1,2016,7,21,2,kecr,5,n/a,n/a,
kis1,2016,7,21,2,ckcr,15,n/a,n/a,
kis1,2016,7,21,2,waje,1,n/a,n/a,
kis2,2016,7,22,1,ducr,100,n/a,n/a,
kis2,2016,7,22,1,grcr,1,n/a,n/a,
kis2,2016,7,22,1,ckcr,1,n/a,n/a,
kis2,2016,7,22,1,hecr,10,n/a,n/a,
kis2,2016,7,22,1,crsh,2,n/a,n/a,
kis2,2016,7,22,2,ducr,100,n/a,n/a,
kis2,2016,7,22,2,kecr,2,n/a,n/a,
kis2,2016,7,22,2,crsh,4,n/a,n/a,
gog4,2016,7,22,1,ducr,75,n/a,n/a,
gog4,2016,7,22,2,ducr,10,n/a,n/a,
gog4,2016,7,22,2,waje,1,n/a,n/a,
gog1,2016,7,22,1,ckcr,200,n/a,n/a,
gog1,2016,7,22,1,kecr,20,n/a,n/a,
gog1,2016,7,22,1,cash,40,n/a,n/a,
gog1,2016,7,22,2,kecr,10,n/a,n/a,
gog1,2016,7,22,2,ckcr,70,n/a,n/a,
gog1,2016,7,22,2,cash,50,n/a,n/a,
ris3,2016,7,23,1,waje,1,n/a,n/a,
ris3,2016,7,23,2,kecr,1,n/a,n/a,
ris3,2016,7,23,2,crsh,6,n/a,n/a,
ris3,2016,7,23,2,ckcr,1,n/a,n/a,
ris3,2016,7,23,2,grcr,1,n/a,n/a,
ris1,2016,7,23,1,crsh,1,n/a,n/a,
ris1,2016,7,23,2,ducr,2,n/a,n/a,
ris1,2016,7,23,2,kecr,1,n/a,n/a,
ris1,2016,7,23,2,crsh,4,n/a,n/a,
fan1,2016,7,24,1,ducr,5,n/a,n/a,
fan1,2016,7,24,1,grcr,2,n/a,n/a,
fan1,2016,7,24,1,ckcr,10,n/a,n/a,
fan1,2016,7,24,1,crsh,30,n/a,n/a,
fan1,2016,7,24,1,idio,2,n/a,n/a,
fan1,2016,7,24,1,cash,20,n/a,n/a,
fan1,2016,7,24,2,kecr,5,n/a,n/a,
fan1,2016,7,24,2,ckcr,50,n/a,n/a,
fan1,2016,7,24,2,cash,40,n/a,n/a,
fan1,2016,7,24,2,crsh,30,n/a,n/a,
fan3,2016,7,24,1,coon,50,n/a,n/a,
fan3,2016,7,24,1,sppr,80,n/a,n/a,
fan3,2016,7,24,1,ckcr,50,n/a,n/a,
fan3,2016,7,24,1,kecr,1,n/a,n/a,
fan3,2016,7,24,1,ducr,1,n/a,n/a,
fan3,2016,7,24,2,kecr,5,n/a,n/a,
fan3,2016,7,24,2,coon,20,n/a,n/a,
fan3,2016,7,24,2,ckcr,30,n/a,n/a,
fan3,2016,7,24,2,sppr,30,n/a,n/a,
fei3,2016,7,25,1,idio,50,n/a,n/a,
fei3,2016,7,25,1,coon,200,n/a,n/a,
fei3,2016,7,25,1,sppr,6,n/a,n/a,
fei3,2016,7,25,1,grcr,10,n/a,n/a,
fei3,2016,7,25,1,ducr,5,n/a,n/a,
fei3,2016,7,25,1,ckcr,10,n/a,n/a,
fei3,2016,7,25,1,kecr,5,n/a,n/a,
fei3,2016,7,25,2,idio,70,n/a,n/a,
fei3,2016,7,25,2,grcr,4,n/a,n/a,
fei3,2016,7,25,2,coon,40,n/a,n/a,
fei3,2016,7,25,2,sppr,20,n/a,n/a,
fei3,2016,7,25,2,hecr,2,n/a,n/a,
fei3,2016,7,25,2,kecr,2,n/a,n/a,
fei3,2016,7,25,2,ckcr,2,n/a,n/a,
fei3,2016,7,25,2,crsh,1,n/a,n/a,
fei4,2016,7,25,1,coon,200,n/a,n/a,
fei4,2016,7,25,1,sppr,100,n/a,n/a,
fei4,2016,7,25,1,idio,100,n/a,n/a,
fei4,2016,7,25,1,grcr,1,n/a,n/a,
fei4,2016,7,25,1,hecr,1,n/a,n/a,
fei4,2016,7,25,1,ckcr,1,n/a,n/a,
fei4,2016,7,25,2,sppr,10,n/a,n/a,
fei4,2016,7,25,2,coon,200,n/a,n/a,
fei4,2016,7,25,2,kecr,5,n/a,n/a,
fei4,2016,7,25,2,ckcr,1,n/a,n/a,
fei4,2016,7,25,2,idio,5,n/a,n/a,
wfb,2016,8,2,1,ducr,1,n/a,a,age class categorization begins (was done for 2015)
wfb,2016,8,2,1,hecr,2,n/a,n/a,
wfb,2016,8,2,1,olsn,5,n/a,n/a,
wfb,2016,8,2,1,ducr,1,n/a,j,
wfb,2016,8,2,1,crsh,2,n/a,n/a,
wfb,2016,8,2,2,ducr,5,n/a,a,
wfb,2016,8,2,2,ducr,10,n/a,j,
wfb,2016,8,2,2,hecr,10,n/a,n/a,
ssp,2016,8,2,1,ckcr,20,n/a,n/a,
ssp,2016,8,2,1,mosn,1,n/a,n/a,
ssp,2016,8,2,2,ducr,2,n/a,j,
ppo,2016,8,3,1,grcr,60,n/a,n/a,
ppo,2016,8,3,1,ckcr,7,n/a,n/a,
ppo,2016,8,3,1,coon,15,n/a,n/a,
ppo,2016,8,3,1,busn,20,n/a,n/a,
ppo,2016,8,3,1,crsh,5,n/a,n/a,
ppo,2016,8,3,2,grcr,12,n/a,n/a,
ppo,2016,8,3,2,moje,2,80,n/a,
ppo,2016,8,3,2,waje,2,n/a,n/a,
ppo,2016,8,3,2,busn,5,n/a,n/a,
ppo,2016,8,3,2,pcno,1,n/a,n/a,
ppo,2016,8,3,2,coon,1,n/a,n/a,
chp,2016,8,3,1,lacu,300,n/a,n/a,
chp,2016,8,3,1,sppr,10,n/a,n/a,
chp,2016,8,3,1,crsh,20,n/a,n/a,
chp,2016,8,3,1,ckcr,10,n/a,n/a,
chp,2016,8,3,1,stsh,10,n/a,n/a,
chp,2016,8,3,2,ckcr,3,n/a,n/a,
chp,2016,8,3,2,hecr,2,n/a,n/a,
chp,2016,8,3,2,idio,2,n/a,n/a,
pba,2016,8,4,1,kecr,2,n/a,n/a,
pba,2016,8,4,1,busn,350,n/a,n/a,
pba,2016,8,4,1,cash,300,n/a,n/a,
pba,2016,8,4,1,hlcr,1,n/a,n/a,
pba,2016,8,4,2,busn,300,n/a,n/a,
pba,2016,8,4,2,ckcr,2,n/a,n/a,
pba,2016,8,4,2,crsh,3,n/a,n/a,
pba,2016,8,4,2,cash,250,n/a,n/a,
pba,2016,8,4,2,coon,15,n/a,n/a,
pba,2016,8,4,2,idio,10,n/a,n/a,
pba,2016,8,4,2,ckcr,1,n/a,n/a,
hdo,2016,8,4,1,grcr,10,51,n/a,
hdo,2016,8,4,1,moje,2,50,n/a,
hdo,2016,8,4,2,waje,6,n/a,n/a,
hdo,2016,8,4,2,moje,1,n/a,n/a,
hdo,2016,8,4,2,grcr,15,n/a,n/a,
hdo,2016,8,4,2,lest,1,n/a,n/a,
hdo,2016,8,4,2,pcno,2,n/a,n/a,
hab4,2016,8,5,1,grcr,5,62,n/a,
hab4,2016,8,5,1,ducr,1,81,n/a,
hab4,2016,8,5,1,sppr,5,n/a,j,
hab4,2016,8,5,2,waje,1,50,n/a,
hab4,2016,8,5,2,grcr,2,n/a,n/a,
hab4,2016,8,5,2,ducr,1,n/a,n/a,
hab2,2016,8,5,1,crsh,10,n/a,n/a,
hab2,2016,8,5,2,ducr,2,n/a,n/a,
hab2,2016,8,5,2,idio,1,n/a,n/a,
hab2,2016,8,5,2,honu,2,n/a,n/a,
hab2,2016,8,5,2,crsh,1,n/a,n/a,
hab2,2016,8,5,2,waje,2,n/a,n/a,
wfb,2016,9,17,1,ducr,1,n/a,a,
wfb,2016,9,17,1,olsn,3,n/a,n/a,
wfb,2016,9,17,1,crsh,2,n/a,n/a,
wfb,2016,9,17,2,ducr,2,n/a,a,
wfb,2016,9,17,2,hecr,1,n/a,n/a,
ssp,2016,9,17,1,crsh,20,n/a,n/a,
ssp,2016,9,17,1,kecr,10,n/a,n/a,
ssp,2016,9,17,1,recr,5,n/a,n/a,
ssp,2016,9,17,1,ducr,1,n/a,a,
ssp,2016,9,17,1,ducr,1,n/a,j,
ssp,2016,9,17,2,sego,100,n/a,n/a,
ssp,2016,9,17,2,ducr,1,n/a,a,
ssp,2016,9,17,2,crsh,1,n/a,n/a,
ppo,2016,9,18,1,kecr,2,n/a,n/a,
ppo,2016,9,18,1,grcr,10,n/a,n/a,
ppo,2016,9,18,1,moje,2,n/a,n/a,
ppo,2016,9,18,1,sego,100,n/a,n/a,
ppo,2016,9,18,2,ckcr,50,n/a,n/a,
ppo,2016,9,18,2,grcr,10,n/a,n/a,
ppo,2016,9,18,2,sppr,3,n/a,n/a,
ppo,2016,9,18,2,waje,1,n/a,n/a,
ppo,2016,9,18,2,kecr,5,n/a,n/a,
ppo,2016,9,18,2,sego,10,n/a,n/a,
ppo,2016,9,18,2,cash,50,n/a,n/a,
ppo,2016,9,18,2,hecr,2,n/a,n/a,
pba,2016,9,18,1,honu,3,n/a,n/a,
pba,2016,9,18,1,cash,1000,n/a,n/a,
pba,2016,9,18,1,grcr,2,n/a,n/a,
pba,2016,9,18,1,busn,200,n/a,n/a,
pba,2016,9,18,2,moje,1,n/a,n/a,
pba,2016,9,18,2,busn,50,n/a,n/a,
pba,2016,9,18,2,grcr,10,n/a,n/a,
pba,2016,9,18,2,cash,1000,n/a,n/a,
chp,2016,9,19,2,crsh,15,n/a,n/a,
hdo,2016,9,19,1,grcr,2,n/a,n/a,
hdo,2016,9,19,1,crje,2,n/a,n/a,
hdo,2016,9,19,1,honu,1,n/a,n/a,
hdo,2016,9,19,1,kecr,15,n/a,n/a,
hdo,2016,9,19,1,waje,1,n/a,n/a,
hdo,2016,9,19,2,pist,1,n/a,n/a,
hdo,2016,9,19,2,waje,1,n/a,n/a,
hdo,2016,9,19,2,honu,2,n/a,n/a,
hdo,2016,9,19,2,crje,2,n/a,n/a,
hdo,2016,9,19,2,urch,2,n/a,n/a,
ppo,2016,11,15,1,recr,1,n/a,a,
ppo,2016,11,15,1,coon,25,n/a,n/a,
ppo,2016,11,15,1,urch,1,n/a,j,
ppo,2016,11,15,1,ckcr,20,n/a,n/a,
ppo,2016,11,15,2,ducr,1,n/a,a,
ppo,2016,11,15,2,grcr,1,n/a,a,
ppo,2016,11,15,2,coon,15,n/a,n/a,
ppo,2016,11,15,2,ckcr,5,n/a,n/a,
chp,2016,11,16,1,crsh,30,n/a,n/a,
chp,2016,11,16,1,ckcr,10,n/a,n/a,
chp,2016,11,16,2,ckcr,15,n/a,n/a,
chp,2016,11,16,2,cash,30,n/a,n/a,
chp,2016,11,16,2,crsh,15,n/a,n/a,
chp,2016,11,16,2,idio,5,n/a,n/a,
chp,2016,11,16,2,ducr,1,n/a,j,
pba,2016,11,17,1,coon,30,n/a,n/a,
pba,2016,11,17,1,ducr,2,n/a,n/a,
pba,2016,11,17,2,honu,3,n/a,n/a,
pba,2016,11,17,2,coon,50,n/a,n/a,
pba,2016,11,17,2,idio,5,n/a,n/a,
ssp,2016,11,18,2,sego,1,n/a,n/a,
ssp,2016,11,18,2,pcno,1,n/a,n/a,
wfb,2016,11,18,1,pcno,1,n/a,n/a,
wfb,2016,11,18,2,mocr,1,n/a,n/a,
wfb,2016,11,18,2,crsh,1,n/a,n/a,
wfb,2017,3,30,2,ducr,1,n/a,j,
wfb,2017,3,30,2,crsh,5,n/a,n/a,
wfb,2017,3,30,2,sego,2,n/a,n/a,
wfb,2017,3,30,2,olsn,10,n/a,n/a,
ssp,2017,3,30,1,crsh,1,n/a,n/a,
ssp,2017,3,30,1,olsn,1,n/a,n/a,
ssp,2017,3,30,2,sego,50,n/a,n/a,
ssp,2017,3,30,2,crje,2,n/a,n/a,
hdo,2017,3,31,1,idio,5,n/a,n/a,
hdo,2017,3,31,1,kecr,2,n/a,n/a,
hdo,2017,3,31,1,cash,30,n/a,n/a,
hdo,2017,3,31,1,unsn,1,n/a,n/a,
hdo,2017,3,31,1,sego,10,n/a,n/a,
hdo,2017,3,31,1,gama,5,n/a,n/a,
hdo,2017,3,31,1,urch,1,n/a,n/a,
hdo,2017,3,31,2,urch,2,n/a,n/a,
hdo,2017,3,31,2,sego,2,n/a,n/a,
hdo,2017,3,31,2,crsh,1,n/a,n/a,
hdo,2017,3,31,2,cash,2,n/a,n/a,
hdo,2017,3,31,2,hecr,3,n/a,n/a,
hdo,2017,3,31,2,busn,1,n/a,n/a,
ppo,2017,3,31,1,hecr,1,n/a,n/a,
ppo,2017,3,31,1,sego,1,n/a,n/a,
ppo,2017,3,31,1,crsh,5,n/a,n/a,
ppo,2017,3,31,1,cash,20,n/a,n/a,
ppo,2017,3,31,1,urch,2,n/a,n/a,
ppo,2017,3,31,2,crsh,10,n/a,n/a,
chp,2017,4,1,1,sego,1,n/a,n/a,
chp,2017,4,1,1,ckcr,1,n/a,n/a,
chp,2017,4,1,2,idio,1,n/a,n/a,
chp,2017,4,1,2,crsh,10,n/a,n/a,
chp,2017,4,1,2,cash,1,n/a,n/a,
chp,2017,4,1,2,ckcr,2,n/a,n/a,
chp,2017,4,1,2,sego,20,n/a,n/a,
pba,2017,4,1,1,cash,200,n/a,n/a,
pba,2017,4,1,1,gama,50,n/a,n/a,
pba,2017,4,1,2,ckcr,1,n/a,n/a,
pba,2017,4,1,2,cash,300,n/a,n/a,
ppo,2017,5,24,1,grcr,5,n/a,a,
ppo,2017,5,24,1,grcr,7,n/a,j,
ppo,2017,5,24,1,ducr,1,n/a,a,
ppo,2017,5,24,1,crsh,5,n/a,n/a,
ppo,2017,5,24,1,ckcr,5,n/a,n/a,
ppo,2017,5,24,2,grcr,6,n/a,a,
ppo,2017,5,24,2,grcr,8,n/a,j,
ppo,2017,5,24,2,ckcr,5,n/a,n/a,
ppo,2017,5,24,2,grur,2,n/a,n/a,
ppo,2017,5,24,2,idio,1,n/a,n/a,
ppo,2017,5,24,2,crsh,10,n/a,n/a,
pba,2017,5,24,1,recr,2,n/a,a,
pba,2017,5,24,1,hlcr,2,n/a,a,
pba,2017,5,24,1,grcr,1,n/a,a,
pba,2017,5,24,1,grcr,2,n/a,j,
pba,2017,5,24,1,ckcr,1,n/a,n/a,
pba,2017,5,24,1,ducr,2,n/a,a,
pba,2017,5,24,2,ducr,4,n/a,a,
pba,2017,5,24,2,grcr,1,n/a,a,
pba,2017,5,24,2,hlcr,6,n/a,a,
pba,2017,5,24,2,grcr,1,n/a,j,
pba,2017,5,24,2,pucr,1,n/a,n/a,
chp,2017,5,25,1,cash,1,n/a,n/a,
chp,2017,5,25,1,idio,1,n/a,n/a,
chp,2017,5,25,2,recr,2,n/a,j,
chp,2017,5,25,2,ckcr,2,n/a,n/a,
chp,2017,5,25,2,crsh,5,n/a,n/a,
hdo,2017,5,25,1,grcr,5,n/a,a,
hdo,2017,5,25,1,ducr,3,n/a,a,
hdo,2017,5,25,1,grcr,10,n/a,j,
hdo,2017,5,25,1,hecr,30,n/a,n/a,
hdo,2017,5,25,1,ckcr,20,n/a,n/a,
hdo,2017,5,25,1,crsh,10,n/a,n/a,
hdo,2017,5,25,1,idio,1,n/a,n/a,
hdo,2017,5,25,2,grcr,1,n/a,a,
hdo,2017,5,25,2,grcr,10,n/a,j,
hdo,2017,5,25,2,ckcr,20,n/a,n/a,
hdo,2017,5,25,2,hecr,5,n/a,n/a,
hdo,2017,5,25,2,ducr,10,n/a,j,
hdo,2017,5,25,2,pist,2,n/a,n/a,
ssp,2017,5,26,1,crsh,5,n/a,n/a,
ssp,2017,5,26,1,ducr,10,n/a,j,
ssp,2017,5,26,1,ckcr,5,n/a,n/a,
ppo,2017,6,11,1,grcr,1,n/a,a,
ppo,2017,6,11,1,grcr,20,n/a,j,
ppo,2017,6,11,1,pist,2,n/a,n/a,
ppo,2017,6,11,1,crsh,5,n/a,n/a,
ppo,2017,6,11,1,hecr,20,n/a,n/a,
ppo,2017,6,11,1,grur,1,n/a,n/a,
ppo,2017,6,11,1,ckcr,10,n/a,n/a,
ppo,2017,6,11,1,sego,5,n/a,n/a,
ppo,2017,6,11,1,waje,2,n/a,n/a,
ppo,2017,6,11,2,grcr,8,n/a,j,
ppo,2017,6,11,2,crsh,5,n/a,n/a,
ppo,2017,6,11,2,sego,5,n/a,n/a,
ppo,2017,6,11,2,waje,1,n/a,n/a,
ppo,2017,6,11,2,moje,1,n/a,n/a,
ppo,2017,6,11,2,moje,5,n/a,n/a,
pba,2017,6,11,1,grcr,4,n/a,a,
pba,2017,6,11,1,grcr,2,n/a,j,
pba,2017,6,11,1,crsh,15,n/a,n/a,
pba,2017,6,11,1,kecr,2,n/a,n/a,
pba,2017,6,11,1,ducr,2,n/a,j,
pba,2017,6,11,1,idio,10,n/a,n/a,
pba,2017,6,11,1,ckcr,2,n/a,n/a,
pba,2017,6,11,1,cash,50,n/a,n/a,
pba,2017,6,11,2,hlcr,5,n/a,n/a,
pba,2017,6,11,2,grcr,15,n/a,a,
pba,2017,6,11,2,ducr,10,n/a,a,
pba,2017,6,11,2,grcr,5,n/a,j,
pba,2017,6,11,2,busn,20,n/a,n/a,
pba,2017,6,11,2,recr,1,n/a,a,
pba,2017,6,11,2,ducr,2,n/a,j,
pba,2017,6,11,2,kecr,2,n/a,n/a,
pba,2017,6,11,2,idio,1,n/a,n/a,
chp,2017,6,12,1,recr,1,4,j,
chp,2017,6,12,1,fucr,1,n/a,n/a,
chp,2017,6,12,1,crje,2,n/a,n/a,
chp,2017,6,12,1,unsn,1,n/a,n/a,
chp,2017,6,12,2,hecr,1,n/a,n/a,
chp,2017,6,12,2,sego,1,n/a,n/a,
hdo,2017,6,12,1,ducr,2,n/a,a,
hdo,2017,6,12,1,ducr,10,n/a,j,
hdo,2017,6,12,1,grcr,10,n/a,n/a,
hdo,2017,6,12,1,hecr,50,n/a,n/a,
hdo,2017,6,12,1,ckcr,20,n/a,n/a,
hdo,2017,6,12,1,kecr,3,n/a,n/a,
hdo,2017,6,12,1,cash,3,n/a,n/a,
hdo,2017,6,12,1,idio,4,n/a,n/a,
hdo,2017,6,12,1,crsh,10,n/a,n/a,
hdo,2017,6,12,1,most,1,n/a,n/a,
hdo,2017,6,12,2,pist,2,n/a,n/a,
hdo,2017,6,12,2,lest,1,n/a,n/a,
hdo,2017,6,12,2,most,2,n/a,n/a,
hdo,2017,6,12,2,waje,1,n/a,n/a,
hdo,2017,6,12,2,crsh,5,n/a,n/a,
hdo,2017,6,12,2,ducr,300,n/a,j,
hdo,2017,6,12,2,ducr,1,n/a,a,
hdo,2017,6,12,2,hecr,50,n/a,n/a,
hdo,2017,6,12,2,grcr,10,n/a,n/a,
hdo,2017,6,12,2,ckcr,5,n/a,n/a,
wfb,2017,6,13,1,ducr,10,n/a,n/a,
wfb,2017,6,13,1,hecr,1,n/a,n/a,
wfb,2017,6,13,1,crsh,150,n/a,n/a,
wfb,2017,6,13,2,ducr,100,n/a,n/a,
wfb,2017,6,13,2,waje,1,n/a,n/a,
wfb,2017,6,13,2,moje,1,n/a,n/a,
ssp,2017,6,13,1,waje,6,n/a,n/a,
ssp,2017,6,13,1,crje,3,n/a,n/a,
ssp,2017,6,13,1,sego,2,n/a,n/a,
ssp,2017,6,13,1,ducr,10,n/a,j,
ssp,2017,6,13,1,ducr,1,n/a,a,
ssp,2017,6,13,1,crsh,10,n/a,n/a,
ssp,2017,6,13,1,ckcr,1,n/a,n/a,
ssp,2017,6,13,2,crsh,15,n/a,n/a,
ssp,2017,6,13,2,ducr,2,n/a,a,
wfb,2017,7,8,1,ducr,1,n/a,a,
wfb,2017,7,8,1,ducr,1,n/a,j,
wfb,2017,7,8,2,crsh,5,n/a,n/a,
wfb,2017,7,8,2,hecr,5,n/a,n/a,
wfb,2017,7,8,2,ducr,1,n/a,j,
ssp,2017,7,8,1,hecr,2,n/a,n/a,
ssp,2017,7,8,1,idio,2,n/a,n/a,
ssp,2017,7,8,2,ducr,2,n/a,j,
ssp,2017,7,8,2,idio,2,n/a,n/a,
ssp,2017,7,8,2,crsh,20,n/a,n/a,
pba,2017,7,9,1,moje,1,n/a,n/a,
pba,2017,7,9,1,recr,2,n/a,a,
pba,2017,7,9,1,crsh,10,n/a,n/a,
pba,2017,7,9,1,ducr,1,n/a,a,
pba,2017,7,9,2,idio,2,n/a,n/a,
pba,2017,7,9,2,crsh,10,n/a,n/a,
pba,2017,7,9,2,ducr,10,n/a,j,
pba,2017,7,9,2,ducr,1,n/a,a,
pba,2017,7,9,2,busn,100,n/a,n/a,
pba,2017,7,9,2,hlcr,1,n/a,n/a,
pba,2017,7,9,2,grcr,5,n/a,n/a,
ppo,2017,7,9,1,grcr,30,n/a,n/a,
ppo,2017,7,9,1,ckcr,20,n/a,n/a,
ppo,2017,7,9,1,hecr,30,n/a,n/a,
ppo,2017,7,9,1,kecr,1,n/a,n/a,
ppo,2017,7,9,1,idio,10,n/a,n/a,
ppo,2017,7,9,1,crsh,3,n/a,n/a,
ppo,2017,7,9,2,ckcr,15,n/a,n/a,
ppo,2017,7,9,2,grcr,5,n/a,n/a,
ppo,2017,7,9,2,cash,20,n/a,n/a,
ppo,2017,7,9,2,crsh,1,n/a,n/a,
ppo,2017,7,9,2,hecr,10,n/a,n/a,
ppo,2017,7,9,2,coon,10,n/a,n/a,
chp,2017,7,10,1,ckcr,3,n/a,n/a,
chp,2017,7,10,1,cash,1,n/a,n/a,
chp,2017,7,10,2,recr,1,n/a,a,
hdo,2017,7,10,1,recr,2,n/a,a,
hdo,2017,7,10,1,kecr,2,n/a,n/a,
hdo,2017,7,10,1,ducr,6,n/a,a,
hdo,2017,7,10,1,ducr,5,n/a,j,
hdo,2017,7,10,1,grcr,10,n/a,n/a,
hdo,2017,7,10,1,ckcr,10,n/a,n/a,
hdo,2017,7,10,1,waje,3,n/a,n/a,
hdo,2017,7,10,1,lije,1,n/a,n/a,
hdo,2017,7,10,1,hecr,20,n/a,n/a,
hdo,2017,7,10,2,ducr,20,n/a,j,
hdo,2017,7,10,2,hecr,30,n/a,n/a,
hdo,2017,7,10,2,grcr,5,n/a,j,
hdo,2017,7,10,2,ckcr,10,n/a,n/a,
hdo,2017,7,10,2,waje,5,n/a,n/a,
hdo,2017,7,10,2,pucr,1,n/a,n/a,
hab4,2017,7,20,1,coon,10,n/a,n/a,
hab4,2017,7,20,1,waje,2,n/a,n/a,
hab4,2017,7,20,1,ckcr,1,n/a,n/a,
hab4,2017,7,20,1,sego,1,n/a,n/a,
hab4,2017,7,20,2,grcr,30,n/a,n/a,
hab4,2017,7,20,2,ducr,2,n/a,j,
hab4,2017,7,20,2,crsh,10,n/a,n/a,
hab4,2017,7,20,2,coon,20,n/a,n/a,
hab4,2017,7,20,2,cash,15,n/a,n/a,
hab4,2017,7,20,2,most,1,n/a,n/a,
hab4,2017,7,20,2,sego,1,n/a,n/a,
hab4,2017,7,20,2,coje,1,n/a,n/a,
hab2,2017,7,21,1,ducr,2,n/a,a,
hab2,2017,7,21,1,crsh,20,n/a,n/a,
hab2,2017,7,21,1,hecr,5,n/a,n/a,
hab2,2017,7,21,1,busn,2,n/a,n/a,
hab2,2017,7,21,1,sego,1,n/a,n/a,
hab2,2017,7,21,2,ducr,2,n/a,j,
hab2,2017,7,21,2,busn,2,n/a,n/a,
fei3,2017,7,22,1,ckcr,5,n/a,n/a,actually cryptic kelp crab
fei3,2017,7,22,1,ducr,30,n/a,j,
fei3,2017,7,22,1,grcr,15,n/a,n/a,
fei3,2017,7,22,1,coon,200,n/a,n/a,
fei3,2017,7,22,1,crsh,30,n/a,n/a,
fei3,2017,7,22,1,idio,20,n/a,n/a,
fei3,2017,7,22,2,recr,2,n/a,a,
fei3,2017,7,22,2,coon,300,n/a,n/a,
fei3,2017,7,22,2,crsh,10,n/a,n/a,
fei3,2017,7,22,2,idio,30,n/a,n/a,
fei3,2017,7,22,2,ducr,3,n/a,j,
fei4,2017,7,22,1,cash,50,n/a,n/a,
fei4,2017,7,22,1,coon,400,n/a,n/a,
fei4,2017,7,22,1,kecr,10,n/a,n/a,
fei4,2017,7,22,1,ducr,1,n/a,a,
fei4,2017,7,22,1,ducr,2,n/a,j,
fei4,2017,7,22,1,idio,40,n/a,n/a,
fei4,2017,7,22,2,kecr,5,n/a,n/a,
fei4,2017,7,22,2,recr,1,n/a,n/a,
fei4,2017,7,22,2,coon,300,n/a,n/a,
fei4,2017,7,22,2,sego,1,n/a,n/a,
fei4,2017,7,22,2,idio,20,n/a,n/a,
sni1,2017,7,23,1,ducr,2,n/a,a,
sni1,2017,7,23,1,ducr,10,n/a,j,
sni1,2017,7,23,1,recr,5,n/a,a,
sni1,2017,7,23,1,coon,30,n/a,n/a,
sni1,2017,7,23,1,sego,2,n/a,n/a,
sni1,2017,7,23,1,ckcr,3,n/a,n/a,
sni1,2017,7,23,1,crsh,10,n/a,n/a,
sni1,2017,7,23,2,grcr,1,n/a,n/a,
sni1,2017,7,23,2,ducr,30,n/a,j,
sni1,2017,7,23,2,ducr,2,n/a,a,
sni1,2017,7,23,2,recr,1,n/a,a,
sni1,2017,7,23,2,coon,50,n/a,n/a,
sni1,2017,7,23,2,secu,1,n/a,n/a,
sni2,2017,7,23,1,coon,50,n/a,n/a,
sni2,2017,7,23,1,idio,5,n/a,n/a,
sni2,2017,7,23,1,ckcr,2,n/a,n/a,
sni2,2017,7,23,1,sego,100,n/a,n/a,
sni2,2017,7,23,1,cash,2,n/a,n/a,
sni2,2017,7,23,1,hecr,5,n/a,n/a,
sni2,2017,7,23,2,coon,200,n/a,n/a,
sni2,2017,7,23,2,sego,100,n/a,n/a,
sni2,2017,7,23,2,hecr,2,n/a,n/a,
sni2,2017,7,23,2,waje,1,n/a,n/a,
sni2,2017,7,23,2,cash,10,n/a,n/a,
kis1,2017,7,24,1,kecr,1,n/a,n/a,
kis1,2017,7,24,1,ckcr,200,n/a,n/a,
kis1,2017,7,24,1,cash,300,n/a,n/a,
kis1,2017,7,24,1,recr,3,n/a,n/a,
kis1,2017,7,24,1,prcr,2,n/a,n/a,
kis1,2017,7,24,2,ckcr,100,n/a,n/a,
kis1,2017,7,24,2,hecr,20,n/a,n/a,
kis1,2017,7,24,2,cash,40,n/a,n/a,
kis1,2017,7,24,2,prcr,1,n/a,n/a,
kis1,2017,7,24,2,waje,6,n/a,n/a,
kis1,2017,7,24,2,sego,10,n/a,n/a,
kis2,2017,7,24,1,crsh,5,n/a,n/a,
kis2,2017,7,24,1,coon,5,n/a,n/a,
kis2,2017,7,24,1,ckcr,10,n/a,n/a,
kis2,2017,7,24,2,ckcr,20,n/a,n/a,
kis2,2017,7,24,2,ducr,4,n/a,a,
kis2,2017,7,24,2,idio,2,n/a,n/a,
kis2,2017,7,24,2,waje,2,n/a,n/a,
kis2,2017,7,24,2,cash,200,n/a,n/a,
ris3,2017,7,25,1,grcr,2,n/a,n/a,
ris3,2017,7,25,1,ducr,20,n/a,j,
ris3,2017,7,25,1,sego,30,n/a,n/a,
ris3,2017,7,25,1,coon,30,n/a,n/a,
ris3,2017,7,25,1,recr,2,n/a,n/a,
ris3,2017,7,25,1,crsh,4,n/a,n/a,
ris3,2017,7,25,2,gree,2,n/a,n/a,
ris3,2017,7,25,2,coon,50,n/a,n/a,
ris3,2017,7,25,2,hecr,1,n/a,n/a,
ris3,2017,7,25,2,unsn,2,n/a,n/a,
ris1,2017,7,25,1,sego,5,n/a,n/a,
ris1,2017,7,25,1,ducr,1,n/a,j,
ris1,2017,7,25,1,hecr,1,n/a,n/a,
ris1,2017,7,25,2,sego,10,n/a,n/a,
ris1,2017,7,25,2,ckcr,5,n/a,n/a,
ris1,2017,7,25,2,lest,1,n/a,n/a,
gog4,2017,7,26,1,ducr,30,n/a,j,
gog4,2017,7,26,1,ducr,1,n/a,a,
gog4,2017,7,26,1,crsh,30,n/a,n/a,
gog4,2017,7,26,1,waje,1,n/a,n/a,
gog4,2017,7,26,1,hecr,3,n/a,n/a,
gog4,2017,7,26,1,grcr,1,n/a,n/a,
gog4,2017,7,26,1,ckcr,10,n/a,n/a,
gog4,2017,7,26,2,ducr,10,n/a,a,
gog4,2017,7,26,2,ducr,10,n/a,j,
gog4,2017,7,26,2,waje,5,n/a,n/a,
gog1,2017,7,26,1,ckcr,50,n/a,n/a,
gog1,2017,7,26,1,hecr,12,n/a,n/a,
gog1,2017,7,26,1,stsh,20,n/a,n/a,
gog1,2017,7,26,1,crsh,5,n/a,n/a,
gog1,2017,7,26,1,hecr,5,n/a,n/a,
gog1,2017,7,26,1,cash,10,n/a,n/a,
gog1,2017,7,26,1,coon,5,n/a,n/a,
gog1,2017,7,26,2,ckcr,15,n/a,n/a,
gog1,2017,7,26,2,cash,5,n/a,n/a,
gog1,2017,7,26,2,hecr,5,n/a,n/a,
koe3,2017,7,27,1,ducr,1,n/a,a,
koe3,2017,7,27,1,sego,100,n/a,n/a,
koe3,2017,7,27,1,idio,2,n/a,n/a,
koe1,2017,7,27,1,hecr,5,n/a,n/a,
koe1,2017,7,27,1,crsh,10,n/a,n/a,
koe1,2017,7,27,1,sego,100,n/a,n/a,
koe1,2017,7,27,2,sego,500,n/a,n/a,
koe1,2017,7,27,2,crsh,20,n/a,n/a,
koe1,2017,7,27,2,idio,10,n/a,n/a,
koe1,2017,7,27,2,ducr,5,n/a,j,
fan1,2017,7,28,1,ckcr,10,n/a,n/a,
fan1,2017,7,28,1,kecr,1,n/a,n/a,
fan1,2017,7,28,1,crsh,30,n/a,n/a,
fan1,2017,7,28,1,ducr,5,n/a,j,
fan1,2017,7,28,1,hecr,5,n/a,n/a,
fan1,2017,7,28,2,crsh,20,n/a,n/a,
fan1,2017,7,28,2,ckcr,20,n/a,n/a,
fan1,2017,7,28,2,hecr,12,n/a,n/a,
fan1,2017,7,28,2,fucr,1,n/a,n/a,
fan3,2017,7,28,1,waje,1,n/a,n/a,
fan3,2017,7,28,1,hecr,10,n/a,n/a,
fan3,2017,7,28,1,ckcr,20,n/a,n/a,
fan3,2017,7,28,1,crsh,15,n/a,n/a,
fan3,2017,7,28,2,ducr,30,n/a,j,
fan3,2017,7,28,2,ducr,1,n/a,a,
fan3,2017,7,28,2,recr,1,n/a,n/a,
fan3,2017,7,28,2,grcr,1,n/a,n/a,
fan3,2017,7,28,2,uncr,5,n/a,n/a,
fan3,2017,7,28,2,ckcr,40,n/a,n/a,
fan3,2017,7,28,2,hecr,20,n/a,n/a,
hdo,2017,8,23,1,ckcr,10,n/a,n/a,
hdo,2017,8,23,1,grcr,20,n/a,n/a,
hdo,2017,8,23,1,ducr,10,n/a,a,
hdo,2017,8,23,1,ducr,50,n/a,j,
hdo,2017,8,23,1,hecr,10,n/a,n/a,
hdo,2017,8,23,1,crsh,15,n/a,n/a,
hdo,2017,8,23,1,kecr,1,n/a,n/a,
hdo,2017,8,23,2,moje,1,n/a,n/a,
hdo,2017,8,23,2,kecr,1,n/a,n/a,
hdo,2017,8,23,2,grcr,20,n/a,n/a,
hdo,2017,8,23,2,ducr,20,n/a,j,
hdo,2017,8,23,2,crsh,20,n/a,n/a,
ppo,2017,8,23,1,ducr,5,n/a,n/a,
ppo,2017,8,23,1,grcr,20,n/a,n/a,
ppo,2017,8,23,1,ckcr,5,n/a,n/a,
ppo,2017,8,23,1,crsh,20,n/a,n/a,
ppo,2017,8,23,1,cash,10,n/a,n/a,
ppo,2017,8,23,1,hecr,10,n/a,n/a,
ppo,2017,8,23,1,coon,10,n/a,n/a,
ppo,2017,8,23,1,pist,1,n/a,n/a,
ppo,2017,8,23,1,sego,2,n/a,n/a,
ppo,2017,8,23,2,ducr,5,n/a,j,
ppo,2017,8,23,2,grcr,20,n/a,n/a,
ppo,2017,8,23,2,hecr,20,n/a,n/a,
ppo,2017,8,23,2,ckcr,2,n/a,n/a,
ppo,2017,8,23,2,coon,40,n/a,n/a,
ppo,2017,8,23,2,grur,1,n/a,n/a,
ppo,2017,8,23,2,crsh,10,n/a,n/a,
pba,2017,8,24,1,recr,1,n/a,a,
pba,2017,8,24,1,ducr,2,n/a,j,
pba,2017,8,24,1,grcr,1,n/a,n/a,
pba,2017,8,24,1,idio,1,n/a,n/a,
pba,2017,8,24,1,crsh,5,n/a,n/a,
pba,2017,8,24,1,cash,50,n/a,n/a,
pba,2017,8,24,1,honu,5,n/a,n/a,
pba,2017,8,24,2,cash,5,n/a,n/a,
pba,2017,8,24,2,ducr,1,n/a,j,
chp,2017,8,24,1,recr,1,n/a,a,
chp,2017,8,24,1,recr,1,n/a,j,
chp,2017,8,24,1,sego,1,n/a,n/a,
chp,2017,8,24,1,cash,2,n/a,n/a,
chp,2017,8,24,2,idio,5,n/a,n/a,
chp,2017,8,24,2,urch,1,n/a,n/a,
chp,2017,8,24,2,cash,2,n/a,n/a,
chp,2017,8,24,2,hecr,1,n/a,n/a,
wfb,2017,8,25,1,crsh,5,n/a,n/a,
wfb,2017,8,25,1,hecr,1,n/a,n/a,
wfb,2017,8,25,1,olsn,4,n/a,n/a,
wfb,2017,8,25,1,ducr,1,n/a,j,
wfb,2017,8,25,2,ducr,1,n/a,a,
ssp,2017,8,25,1,baol,5,n/a,n/a,
ssp,2017,8,25,1,sppr,2,n/a,n/a,
ssp,2017,8,25,1,hecr,2,n/a,n/a,
ssp,2017,8,25,2,ducr,2,n/a,a,
ssp,2017,8,25,2,waje,2,n/a,n/a,
hdo,2018,3,19,1,cash,100,n/a,n/a,
hdo,2018,3,19,1,crsh,50,n/a,n/a,
hdo,2018,3,19,1,ducr,1,n/a,j,
hdo,2018,3,19,2,cash,200,n/a,n/a,
hdo,2018,3,19,2,crsh,50,n/a,n/a,
hdo,2018,3,19,2,busn,10,n/a,n/a,
hdo,2018,3,19,2,gama,100,n/a,n/a,
ppo,2018,3,19,1,crsh,50,n/a,n/a,
ppo,2018,3,19,1,cash,50,n/a,n/a,
ppo,2018,3,19,1,sego,5,n/a,n/a,
ppo,2018,3,19,1,urch,1,n/a,n/a,
ppo,2018,3,19,1,pucr,1,n/a,n/a,
ppo,2018,3,19,2,crsh,40,n/a,n/a,
ppo,2018,3,19,2,cash,20,n/a,n/a,
ppo,2018,3,19,2,sego,1,n/a,n/a,
ppo,2018,3,19,2,busn,1,n/a,n/a,
pba,2018,3,20,1,poly,11,n/a,n/a,
pba,2018,3,20,1,cash,50,n/a,n/a,
pba,2018,3,20,1,crsh,10,n/a,n/a,
pba,2018,3,20,1,sast,1,n/a,n/a,
pba,2018,3,20,1,lacu,10,n/a,n/a,
pba,2018,3,20,1,hecr,5,n/a,n/a,
pba,2018,3,20,2,cash,800,n/a,n/a,
pba,2018,3,20,2,crsh,5,n/a,n/a,
pba,2018,3,20,2,diwe,1,n/a,n/a,
pba,2018,3,20,2,unsn,1,n/a,n/a,
pba,2018,3,20,2,tosn,1,n/a,n/a,
chp,2018,3,20,1,mosn,3,n/a,n/a,
chp,2018,3,20,1,crsh,30,n/a,n/a,
chp,2018,3,20,1,cash,10,n/a,n/a,
chp,2018,3,20,1,sast,2,n/a,n/a,
chp,2018,3,20,1,gama,30,n/a,n/a,
chp,2018,3,20,2,crsh,40,n/a,n/a,
chp,2018,3,20,2,cash,15,n/a,n/a,
chp,2018,3,20,2,hecr,2,n/a,n/a,
chp,2018,3,20,2,isop,1,n/a,n/a,
chp,2018,3,20,2,gama,50,n/a,n/a,
chp,2018,3,20,2,mosn,1,n/a,n/a,
wfb,2018,3,21,1,crsh,50,n/a,n/a,
wfb,2018,3,21,1,waje,2,n/a,n/a,
wfb,2018,3,21,1,hecr,5,n/a,n/a,
wfb,2018,3,21,1,baol,2,n/a,n/a,
wfb,2018,3,21,2,crsh,20,n/a,n/a,
wfb,2018,3,21,2,euph,20,n/a,n/a,
ssp,2018,3,21,1,amph,30,n/a,n/a,
ssp,2018,3,21,1,cash,30,n/a,n/a,
ssp,2018,3,21,1,crsh,20,n/a,n/a,
ssp,2018,3,21,1,olsn,15,n/a,n/a,
ssp,2018,3,21,1,mosn,1,n/a,n/a,
ssp,2018,3,21,2,crsh,10,n/a,n/a,
ssp,2018,3,21,2,sego,10,n/a,n/a,
ssp,2018,3,21,2,cash,10,n/a,n/a,
ssp,2018,3,21,2,unsn,1,n/a,n/a,
ssp,2018,3,21,2,crje,5,n/a,n/a,
chp,2018,5,29,1,ducr,10,n/a,j,
chp,2018,5,29,1,uncr,50,n/a,l,
chp,2018,5,29,2,ducr,5,n/a,j,
chp,2018,5,29,2,ckcr,5,n/a,n/a,
chp,2018,5,29,2,hecr,1,n/a,n/a,
ppo,2018,5,29,1,coon,400,n/a,n/a,
ppo,2018,5,29,1,grur,2,n/a,n/a,
ppo,2018,5,29,1,sego,1,n/a,n/a,
ppo,2018,5,29,2,grcr,5,n/a,n/a,
ppo,2018,5,29,2,ducr,20,n/a,j,
ppo,2018,5,29,2,coon,20,n/a,n/a,
ppo,2018,5,29,2,grur,5,n/a,n/a,
ppo,2018,5,29,2,idio,5,n/a,n/a,
pba,2018,5,30,1,ducr,2,n/a,a,
pba,2018,5,30,1,ckcr,15,n/a,n/a,
pba,2018,5,30,1,crsh,100,n/a,n/a,
pba,2018,5,30,1,cash,1000,n/a,n/a,
pba,2018,5,30,1,hecr,2,n/a,n/a,
pba,2018,5,30,1,busn,30,n/a,n/a,
pba,2018,5,30,1,grur,1,n/a,n/a,
pba,2018,5,30,1,idio,20,n/a,n/a,
pba,2018,5,30,2,recr,1,n/a,a,
pba,2018,5,30,2,ducr,5,n/a,a,
pba,2018,5,30,2,ducr,3,n/a,j,
pba,2018,5,30,2,cash,500,n/a,n/a,
pba,2018,5,30,2,crsh,100,n/a,n/a,
pba,2018,5,30,2,busn,400,n/a,n/a,
pba,2018,5,30,2,idio,75,n/a,n/a,
pba,2018,5,30,2,opnu,1,n/a,n/a,
wfb,2018,5,31,1,ducr,10,n/a,j,
wfb,2018,5,31,1,hecr,5,n/a,n/a,
wfb,2018,5,31,1,uncr,100,n/a,l,
wfb,2018,5,31,1,olsn,5,n/a,n/a,
wfb,2018,5,31,2,ducr,100,n/a,j,
wfb,2018,5,31,2,olsn,5,n/a,n/a,
wfb,2018,5,31,2,crsh,20,n/a,n/a,
wfb,2018,5,31,2,waje,1,n/a,n/a,
chp,2018,7,10,1,ducr,5,n/a,j,
chp,2018,7,10,1,ckcr,2,n/a,n/a,
chp,2018,7,10,1,waje,1,n/a,n/a,
chp,2018,7,10,1,idio,1,n/a,n/a,
chp,2018,7,10,2,waje,5,n/a,n/a,
chp,2018,7,10,2,hecr,5,n/a,n/a,
pba,2018,7,10,1,ducr,10,n/a,j,
pba,2018,7,10,1,crsh,10,n/a,n/a,
pba,2018,7,10,1,idio,5,n/a,n/a,
pba,2018,7,10,1,busn,100,n/a,n/a,
pba,2018,7,10,2,grcr,5,n/a,n/a,
pba,2018,7,10,2,idio,5,n/a,n/a,
pba,2018,7,10,2,busn,50,n/a,n/a,
hab4,2018,7,11,1,ducr,10,n/a,a,
hab4,2018,7,11,1,ducr,20,n/a,j,
hab4,2018,7,11,1,grcr,5,n/a,n/a,
hab4,2018,7,11,1,grur,1,n/a,n/a,
hab4,2018,7,11,1,ckcr,1,n/a,n/a,
hab4,2018,7,11,1,lept,1,n/a,n/a,
hab4,2018,7,11,1,idio,1,n/a,n/a,
hab4,2018,7,11,1,crsh,10,n/a,n/a,
hab4,2018,7,11,2,ducr,5,n/a,a,
hab4,2018,7,11,2,ducr,20,n/a,j,
hab4,2018,7,11,2,recr,1,n/a,n/a,
hab4,2018,7,11,2,grcr,5,n/a,n/a,
hab4,2018,7,11,2,busn,500,n/a,n/a,
hab4,2018,7,11,2,crsh,20,n/a,n/a,
hab4,2018,7,11,2,kecr,3,n/a,n/a,
hab4,2018,7,11,2,ckcr,10,n/a,n/a,
hab4,2018,7,11,2,grur,1,n/a,n/a,
ppo,2018,7,11,1,ducr,5,n/a,n/a,
ppo,2018,7,11,1,coon,500,n/a,n/a,coonstripe/dock shrimp
ppo,2018,7,11,1,grcr,1,n/a,n/a,
ppo,2018,7,11,1,idio,50,n/a,n/a,
ppo,2018,7,11,1,ckcr,5,n/a,n/a,
ppo,2018,7,11,1,hecr,10,n/a,n/a,
ppo,2018,7,11,2,ckcr,20,n/a,n/a,
ppo,2018,7,11,2,lolo,9,n/a,n/a,
ppo,2018,7,11,2,crsh,5,n/a,n/a,
ppo,2018,7,11,2,recr,2,n/a,n/a,
ppo,2018,7,11,2,ducr,35,n/a,a,
ppo,2018,7,11,2,idio,3,n/a,n/a,
ppo,2018,7,11,2,hecr,2,n/a,n/a,
hdo,2018,7,11,1,hecr,10,n/a,n/a,
hdo,2018,7,11,1,ducr,60,n/a,a,
hdo,2018,7,11,1,idio,20,n/a,n/a,
hdo,2018,7,11,1,busn,50,n/a,n/a,
hdo,2018,7,11,1,kecr,5,n/a,n/a,
hdo,2018,7,11,1,ckcr,20,n/a,n/a,
hdo,2018,7,11,1,sast,1,n/a,n/a,
hdo,2018,7,11,1,recr,5,n/a,n/a,
hdo,2018,7,11,1,waje,1,n/a,n/a,
hdo,2018,7,11,2,ducr,40,n/a,a,
hdo,2018,7,11,2,hecr,5,n/a,n/a,
hdo,2018,7,11,2,crsh,5,n/a,n/a,
hdo,2018,7,11,2,waje,1,n/a,n/a,
hdo,2018,7,11,2,most,2,n/a,n/a,
hdo,2018,7,11,2,pist,1,n/a,n/a,
hdo,2018,7,11,2,pust,1,n/a,n/a,
hdo,2018,7,11,2,ckcr,5,n/a,n/a,
hdo,2018,7,11,2,grcr,5,n/a,n/a,
hab2,2018,7,12,1,ducr,10,n/a,j,
hab2,2018,7,12,1,idio,1,n/a,n/a,
hab2,2018,7,12,1,waje,2,n/a,n/a,
hab2,2018,7,12,1,crsh,5,n/a,n/a,
hab2,2018,7,12,2,crsh,20,n/a,n/a,
hab2,2018,7,12,2,hecr,1,n/a,n/a,
hab2,2018,7,12,2,olsn,1,n/a,n/a,
hab2,2018,7,12,2,ducr,1,n/a,a,
hab2,2018,7,12,2,ducr,1,n/a,j,
ssp,2018,7,12,1,ckcr,40,n/a,n/a,
ssp,2018,7,12,1,kecr,1,n/a,n/a,
ssp,2018,7,12,1,idio,5,n/a,n/a,
ssp,2018,7,12,1,cash,10,n/a,n/a,
ssp,2018,7,12,2,coje,1,n/a,n/a,
ssp,2018,7,12,2,baol,50,n/a,n/a,
ssp,2018,7,12,2,cash,5,n/a,n/a,
wfb,2018,7,12,1,ducr,10,n/a,j,
wfb,2018,7,12,1,idio,1,n/a,n/a,
wfb,2018,7,12,2,ducr,5,n/a,j,
wfb,2018,7,12,2,crsh,10,n/a,n/a,
wfb,2018,7,12,2,hecr,30,n/a,n/a,
wfb,2018,7,12,2,olsn,10,n/a,n/a,
kis1,2018,7,13,1,ckcr,100,n/a,n/a,
kis1,2018,7,13,1,hecr,20,n/a,n/a,
kis1,2018,7,13,1,idio,2,n/a,n/a,
kis1,2018,7,13,1,cash,100,n/a,n/a,
kis1,2018,7,13,1,crsh,5,n/a,n/a,
kis1,2018,7,13,1,ducr,1,n/a,n/a,
kis1,2018,7,13,2,fucr,1,n/a,n/a,
kis1,2018,7,13,2,ckcr,50,n/a,n/a,
kis1,2018,7,13,2,idio,100,n/a,n/a,
kis1,2018,7,13,2,cash,200,n/a,n/a,
kis1,2018,7,13,2,amph,50,n/a,n/a,
kis1,2018,7,13,2,recr,1,n/a,n/a,
kis1,2018,7,13,2,kecr,20,n/a,n/a,
kis2,2018,7,13,1,ducr,300,n/a,j,
kis2,2018,7,13,1,ckcr,50,n/a,n/a,
kis2,2018,7,13,2,ckcr,50,n/a,n/a,
gog1,2018,7,14,1,cash,150,n/a,n/a,
gog1,2018,7,14,1,ckcr,20,n/a,n/a,
gog1,2018,7,14,1,kecr,5,n/a,n/a,
gog1,2018,7,14,2,ckcr,50,n/a,n/a,
gog1,2018,7,14,2,cash,200,n/a,n/a,
gog1,2018,7,14,2,kecr,1,n/a,n/a,
gog4,2018,7,14,1,ducr,50,n/a,j,
gog4,2018,7,14,1,cash,100,n/a,n/a,
gog4,2018,7,14,1,crsh,20,n/a,n/a,
gog4,2018,7,14,1,ckcr,5,n/a,n/a,
gog4,2018,7,14,1,kecr,5,n/a,n/a,
gog4,2018,7,14,2,ducr,50,n/a,j,
gog4,2018,7,14,2,crsh,50,n/a,n/a,
fan1,2018,7,15,1,kecr,30,n/a,n/a,
fan1,2018,7,15,1,ckcr,50,n/a,n/a,
fan1,2018,7,15,1,cash,500,n/a,n/a,
fan1,2018,7,15,1,ducr,2,n/a,a,
fan1,2018,7,15,1,hecr,20,n/a,n/a,
fan1,2018,7,15,1,capr,100,n/a,n/a,
fan1,2018,7,15,2,kecr,5,n/a,n/a,
fan1,2018,7,15,2,ckcr,40,n/a,n/a,
fan1,2018,7,15,2,cash,200,n/a,n/a,
fan1,2018,7,15,2,capr,300,n/a,n/a,
fan3,2018,7,15,1,cash,500,n/a,n/a,
fan3,2018,7,15,1,fucr,1,n/a,n/a,hairy leg cancer
fan3,2018,7,15,1,ckcr,10,n/a,n/a,
fan3,2018,7,15,1,kecr,10,n/a,n/a,
fan3,2018,7,15,2,cash,500,n/a,n/a,
fan3,2018,7,15,2,ckcr,50,n/a,n/a,
fan3,2018,7,15,2,kecr,10,n/a,n/a,
fan3,2018,7,15,2,idio,10,n/a,n/a,
sni1,2018,7,16,1,ducr,50,n/a,j,
sni1,2018,7,16,1,hecr,1,n/a,n/a,
sni1,2018,7,16,2,ckcr,500,n/a,n/a,
sni2,2018,7,16,1,ducr,15,n/a,j,
sni2,2018,7,16,1,ducr,5,n/a,j,
sni2,2018,7,16,1,cash,70,n/a,n/a,
sni2,2018,7,16,1,hecr,1,n/a,n/a,
sni2,2018,7,16,1,crsh,5,n/a,n/a,
sni2,2018,7,16,1,hecr,5,n/a,n/a,
sni2,2018,7,16,1,cash,1000,n/a,n/a,
sni2,2018,7,16,1,busn,300,n/a,n/a,
sni2,2018,7,16,1,ducr,10,n/a,j,
sni2,2018,7,16,1,hlcr,5,n/a,n/a,
sni2,2018,7,16,1,idio,15,n/a,n/a,
sni2,2018,7,16,1,hecr,10,n/a,n/a,
sni2,2018,7,16,1,cash,500,n/a,n/a,
sni2,2018,7,16,1,idio,20,n/a,n/a,
sni2,2018,7,16,1,crsh,5,n/a,n/a,
fei4,2018,7,17,1,hecr,5,n/a,n/a,
fei4,2018,7,17,1,cash,1000,n/a,n/a,
fei4,2018,7,17,1,busn,300,n/a,n/a,
fei4,2018,7,17,1,ducr,10,n/a,j,
fei4,2018,7,17,1,hlcr,5,n/a,n/a,
fei4,2018,7,17,1,idio,15,n/a,n/a,
fei4,2018,7,17,1,hecr,10,n/a,n/a,
fei4,2018,7,17,1,cash,500,n/a,n/a,
fei4,2018,7,17,1,idio,20,n/a,n/a,
fei4,2018,7,17,1,crsh,5,n/a,n/a,
koe3,2018,7,18,1,idio,20,n/a,n/a,
koe3,2018,7,18,2,idio,15,n/a,n/a,
fei3,2018,7,17,1,ducr,2,n/a,a,
fei3,2018,7,17,1,ducr,40,n/a,j,
fei3,2018,7,17,1,grcr,2,n/a,n/a,
fei3,2018,7,17,1,idio,2,n/a,n/a,
fei3,2018,7,17,2,cash,300,n/a,n/a,
fei3,2018,7,17,2,ducr,100,n/a,j,
koe1,2018,7,18,1,ducr,10,n/a,a,
koe1,2018,7,18,1,crsh,3,n/a,n/a,
koe1,2018,7,18,2,ducr,10,n/a,a,
koe1,2018,7,18,2,ducr,2,n/a,j,
koe1,2018,7,18,2,crsh,20,n/a,n/a,
ris3,2018,7,19,1,cash,15,n/a,n/a,
ris3,2018,7,19,2,cash,100,n/a,n/a,
ris3,2018,7,19,2,busn,10,n/a,n/a,
ris3,2018,7,19,2,ducr,15,n/a,j,
ris3,2018,7,19,2,idio,10,n/a,n/a,
ris1,2018,7,19,1,crsh,10,n/a,n/a,
ris1,2018,7,19,1,ducr,5,n/a,n/a,
ris1,2018,7,19,2,ducr,10,n/a,j,
ppo,2018,8,23,1,ducr,4,n/a,a,
ppo,2018,8,23,1,ducr,10,n/a,j,
ppo,2018,8,23,1,recr,2,n/a,a,
ppo,2018,8,23,1,cash,10,n/a,n/a,
ppo,2018,8,23,1,waje,2,n/a,n/a,
ppo,2018,8,23,1,ckcr,1,n/a,n/a,
ppo,2018,8,23,1,grcr,2,n/a,n/a,
ppo,2018,8,23,2,ckcr,10,n/a,n/a,
ppo,2018,8,23,2,ducr,1,n/a,a,
ppo,2018,8,23,2,ducr,20,n/a,j,
ppo,2018,8,23,2,grcr,10,n/a,n/a,
ppo,2018,8,23,2,cash,300,n/a,n/a,
ppo,2018,8,23,2,idio,1,n/a,n/a,
ppo,2018,8,23,2,crsh,2,n/a,n/a,
hdo,2018,8,23,1,ducr,20,n/a,a,
hdo,2018,8,23,1,ducr,20,n/a,j,
hdo,2018,8,23,1,grcr,5,n/a,a,
hdo,2018,8,23,2,ducr,5,n/a,j,
hdo,2018,8,23,2,ducr,10,n/a,n/a,
hdo,2018,8,23,2,pust,1,n/a,n/a,
hdo,2018,8,23,2,sast,2,n/a,n/a,
ssp,2018,8,24,1,waje,10,n/a,n/a,
wfb,2018,8,24,1,crsh,15,n/a,n/a,
wfb,2018,8,24,1,ducr,15,n/a,a,
wfb,2018,8,24,1,olsn,5,n/a,n/a,
wfb,2018,8,24,2,ducr,10,n/a,a,
wfb,2018,8,24,2,hecr,1,n/a,n/a,
wfb,2018,8,24,2,olsn,20,n/a,n/a,
wfb,2018,8,24,2,crsh,20,n/a,n/a,
chp,2018,8,25,1,ducr,6,n/a,j,
chp,2018,8,25,1,ckcr,10,n/a,n/a,
chp,2018,8,25,1,crsh,3,n/a,n/a,
chp,2018,8,25,1,idio,2,n/a,n/a,
chp,2018,8,25,1,most,1,n/a,n/a,
chp,2018,8,25,1,hecr,5,n/a,n/a,
chp,2018,8,25,2,kecr,5,n/a,n/a,
chp,2018,8,25,2,crsh,5,n/a,n/a,
chp,2018,8,25,2,idio,5,n/a,n/a,
pba,2018,8,25,1,busn,30,n/a,n/a,
pba,2018,8,25,1,honu,1,n/a,n/a,
pba,2018,8,25,1,ducr,1,n/a,a,
pba,2018,8,25,1,cash,200,n/a,n/a,
pba,2018,8,25,1,crsh,1,n/a,n/a,
pba,2018,8,25,1,idio,2,n/a,n/a,
pba,2018,8,25,2,ducr,1,n/a,a,
pba,2018,8,25,2,ducr,1,n/a,j,
pba,2018,8,25,2,busn,25,n/a,n/a,
pba,2018,8,25,2,crsh,2,n/a,n/a,
pba,2018,8,25,2,cash,50,n/a,n/a,
pba,2018,8,25,2,idio,4,n/a,n/a,
pba,2018,8,25,2,ckcr,10,n/a,n/a,
